诊断编码,部位I,部位II,诊断,分类
A.1.1.1,头部损伤,颅骨骨折,颅骨骨折,多发性骨折
A.1.1.2,头部损伤,颅骨骨折,颅骨骨折,颞骨骨折，凹陷或多发粉碎
A.1.1.3,头部损伤,颅骨骨折,颅骨骨折,颞骨骨折，线性
A.1.1.4,头部损伤,颅骨骨折,颅骨骨折,其他类型骨折
A.1.1.5,头部损伤,颅骨骨折,颅骨骨折,枕骨骨折，凹陷或多发粉碎
A.1.1.6,头部损伤,颅骨骨折,颅骨骨折,枕骨骨折，线性
A.1.2.1,头部损伤,颅骨骨折,颅骨缺损,颅骨缺损4cm2以上，遗留神经系统轻度症状和体征
A.1.2.2,头部损伤,颅骨骨折,颅骨缺损,颅骨缺损6cm2以上，无神经系统症状和体征；
A.1.2.3,头部损伤,颅骨骨折,颅骨缺损,其他类型
A.1.3.1,头部损伤,颅骨骨折,颅后窝骨折,伴第8-12颅神经损伤
A.1.3.2,头部损伤,颅骨骨折,颅后窝骨折,其他类型
A.1.4.1,头部损伤,颅骨骨折,颅前窝骨折,伴视神经管损伤
A.1.4.2,头部损伤,颅骨骨折,颅前窝骨折,其他类型
A.1.5.1,头部损伤,颅骨骨折,颅中窝骨折,伴面神经管损伤
A.1.5.2,头部损伤,颅骨骨折,颅中窝骨折,伴听神经管损伤
A.1.5.3,头部损伤,颅骨骨折,颅中窝骨折,其他类型
A.1.6.0,头部损伤,颅骨骨折,脑脊液漏,
A.2.1.0,头部损伤,脑损伤,创伤性应激反应,
A.2.2.0,头部损伤,脑损伤,单瘫,
A.2.3.0,头部损伤,脑损伤,颅内积气,
A.2.4.0,头部损伤,脑损伤,弥漫性轴索损伤,
A.2.5.0,头部损伤,脑损伤,面瘫,
A.2.6.1,头部损伤,脑损伤,脑出血,大脑内出血
A.2.6.2,头部损伤,脑损伤,脑出血,脑干出血
A.2.6.3,头部损伤,脑损伤,脑出血,其他类型
A.2.7.1,头部损伤,脑损伤,脑挫裂伤,多发性
A.2.7.2,头部损伤,脑损伤,脑挫裂伤,额叶
A.2.7.3,头部损伤,脑损伤,脑挫裂伤,颞叶
A.2.7.4,头部损伤,脑损伤,脑挫裂伤,丘脑
A.2.7.5,头部损伤,脑损伤,脑挫裂伤,枕叶
A.2.8.0,头部损伤,脑损伤,脑干损伤,
A.2.9.0,头部损伤,脑损伤,脑疝,
A.2.10.0,头部损伤,脑损伤,脑水肿,
A.2.11.0,头部损伤,脑损伤,脑外伤后综合症,
A.2.12.0,头部损伤,脑损伤,脑震荡,
A.2.13.0,头部损伤,脑损伤,偏瘫,
A.2.14.0,头部损伤,脑损伤,四肢不全瘫,
A.2.15.0,头部损伤,脑损伤,四肢瘫,
A.2.16.0,头部损伤,脑损伤,外伤后诱发精神分裂症,
A.2.17.0,头部损伤,脑损伤,外伤性癫痫,
A.2.18.0,头部损伤,脑损伤,眼睑下垂,
A.2.19.0,头部损伤,脑损伤,硬膜外血肿,
A.2.20.1,头部损伤,脑损伤,硬膜下血肿,急性或亚急性
A.2.20.2,头部损伤,脑损伤,硬膜下血肿,慢性
A.2.21.0,头部损伤,脑损伤,植物状态,
A.2.22.0,头部损伤,脑损伤,蛛网膜下腔出血,
A.3.1.0,头部损伤,头皮损伤,头皮挫伤,
A.3.2.1,头部损伤,头皮损伤,头皮裂伤,钝器创口长度大于6 cm、锐器创口长度大于8 cm
A.3.2.2,头部损伤,头皮损伤,头皮裂伤,钝器创口长度小于或等于6 cm、锐器创口长度小于或等于8 cm
A.3.3.1,头部损伤,头皮损伤,头皮撕脱,面积＜40cm2
A.3.3.2,头部损伤,头皮损伤,头皮撕脱,面积≥40cm2
A.3.4.1,头部损伤,头皮损伤,头皮血肿,骨膜下血肿
A.3.4.2,头部损伤,头皮损伤,头皮血肿,帽状腱膜下血肿
A.3.4.3,头部损伤,头皮损伤,头皮血肿,帽状腱膜下血肿需穿刺抽血
A.3.4.4,头部损伤,头皮损伤,头皮血肿,皮下血肿
B.1.1.1,颈部损伤,喉损伤,喉切割伤,伴喉返神经损伤
B.1.1.2,颈部损伤,喉损伤,喉切割伤,不伴喉返神经损伤
B.1.2.1,颈部损伤,喉损伤,喉损伤,伴有软骨骨折
B.1.2.2,颈部损伤,喉损伤,喉损伤,不伴有软骨骨折
B.1.3.0,颈部损伤,喉损伤,环杓关节脱位,
B.1.4.0,颈部损伤,喉损伤,环杓软骨脱位,
B.2.1.1,颈部损伤,颈部软组织损伤,甲状旁腺损伤,致轻度障碍
B.2.1.2,颈部损伤,颈部软组织损伤,甲状旁腺损伤,致中度障碍
B.2.1.3,颈部损伤,颈部软组织损伤,甲状旁腺损伤,致重度障碍
B.2.2.1,颈部损伤,颈部软组织损伤,甲状腺损伤,致轻度障碍
B.2.2.2,颈部损伤,颈部软组织损伤,甲状腺损伤,致中度障碍
B.2.2.3,颈部损伤,颈部软组织损伤,甲状腺损伤,致重度障碍
B.3.1.0,颈部损伤,食管损伤,创伤性食管狭窄,
B.3.2.0,颈部损伤,食管损伤,食管挫伤,
B.3.3.0,颈部损伤,食管损伤,食管开放性伤口,
C.1.1.1,面部损伤,鼻损伤,鼻部软组织伤,鼻尖及一侧鼻翼缺损(或畸形)
C.1.1.2,面部损伤,鼻损伤,鼻部软组织伤,鼻尖缺失(或畸形)
C.1.1.3,面部损伤,鼻损伤,鼻部软组织伤,其他类型
C.1.1.4,面部损伤,鼻损伤,鼻部软组织伤,外鼻部大部份缺损(或畸形)
C.1.1.5,面部损伤,鼻损伤,鼻部软组织伤,外鼻部完全缺损(或严重畸形)
C.1.1.6,面部损伤,鼻损伤,鼻部软组织伤,未导致畸形或缺损（血肿、擦挫伤）
C.1.1.7,面部损伤,鼻损伤,鼻部软组织伤,一侧鼻翼缺损(或畸形)
C.1.2.1,面部损伤,鼻损伤,鼻窦损伤,伴脑脊液漏
C.1.2.2,面部损伤,鼻损伤,鼻窦损伤,无脑脊液漏
C.1.3.1,面部损伤,鼻损伤,鼻骨骨折,无明显移位且无畸形
C.1.3.2,面部损伤,鼻损伤,鼻骨骨折,有移位
C.1.4.1,面部损伤,鼻损伤,鼻中隔损伤,鼻中隔穿孔
C.1.4.2,面部损伤,鼻损伤,鼻中隔损伤,鼻中隔脓肿
C.1.4.3,面部损伤,鼻损伤,鼻中隔损伤,鼻中隔偏曲
C.1.4.4,面部损伤,鼻损伤,鼻中隔损伤,鼻中隔血肿
C.1.5.0,面部损伤,鼻损伤,嗅神经损伤,
C.2.1.0,面部损伤,额部损伤,额部血肿,
C.2.2.0,面部损伤,额部损伤,额骨骨折,
C.3.1.0,面部损伤,颌骨骨折,上颌骨骨折,
C.3.2.0,面部损伤,颌骨骨折,上颌骨开放性骨折,
C.3.3.0,面部损伤,颌骨骨折,上下颌骨开放性双骨折,
C.3.4.0,面部损伤,颌骨骨折,上下颌骨双骨折,
C.3.5.0,面部损伤,颌骨骨折,下颌骨骨折,
C.3.6.0,面部损伤,颌骨骨折,下颌骨开放性骨折,
C.4.1.0,面部损伤,颌面部损伤,颌面部穿通伤,
C.4.2.1,面部损伤,颌面部损伤,颌面部骨或软组织缺损,缺失部分＜8cm3
C.4.2.2,面部损伤,颌面部损伤,颌面部骨或软组织缺损,缺失部分≥16cm3
C.4.2.3,面部损伤,颌面部损伤,颌面部骨或软组织缺损,缺失部分≥32cm3
C.4.2.4,面部损伤,颌面部损伤,颌面部骨或软组织缺损,缺失部分≥8cm3
C.5.1.0,面部损伤,口腔损伤,腭骨骨折,
C.5.2.0,面部损伤,口腔损伤,口腔贯通伤,
C.5.3.0,面部损伤,口腔损伤,口腔开放性伤口,
C.5.4.0,面部损伤,口腔损伤,口腔粘膜血肿[创伤性血肿],
C.5.5.0,面部损伤,口腔损伤,软腭穿通伤,
C.5.6.0,面部损伤,口腔损伤,软腭撕裂伤,
C.5.7.0,面部损伤,口腔损伤,上腭缺损,
C.5.8.0,面部损伤,口腔损伤,牙槽出血,
C.5.9.0,面部损伤,口腔损伤,牙槽骨(齿槽)骨折,
C.5.10.0,面部损伤,口腔损伤,牙槽嵴裂,
C.5.11.1,面部损伤,口腔损伤,牙松动,牙齿松动Ⅰ°
C.5.11.2,面部损伤,口腔损伤,牙松动,牙齿松动Ⅱ°
C.5.11.3,面部损伤,口腔损伤,牙松动,牙齿松动Ⅲ°（16枚以上）
C.5.11.4,面部损伤,口腔损伤,牙松动,牙齿松动Ⅲ°（1-7枚）
C.5.11.5,面部损伤,口腔损伤,牙松动,牙齿松动Ⅲ°（8-15枚）
C.5.12.1,面部损伤,口腔损伤,牙脱落,初齿过早[乳牙]脱落
C.5.12.2,面部损伤,口腔损伤,牙脱落,单纯牙齿脱落（16枚以上）
C.5.12.3,面部损伤,口腔损伤,牙脱落,单纯牙齿脱落（1-7枚）
C.5.12.4,面部损伤,口腔损伤,牙脱落,单纯牙齿脱落（8-15枚）
C.5.12.5,面部损伤,口腔损伤,牙脱落,牙齿脱落（12-15枚，伴颌骨缺损）
C.5.12.6,面部损伤,口腔损伤,牙脱落,牙齿脱落（1-3枚，伴颌骨缺损）
C.5.12.7,面部损伤,口腔损伤,牙脱落,牙齿脱落（16-19枚，伴颌骨缺损）
C.5.12.8,面部损伤,口腔损伤,牙脱落,牙齿脱落（20-23枚，伴颌骨缺损）
C.5.12.9,面部损伤,口腔损伤,牙脱落,牙齿脱落（24枚以上，伴颌骨缺损）
C.5.12.10,面部损伤,口腔损伤,牙脱落,牙齿脱落（4-7枚，伴颌骨缺损）
C.5.12.11,面部损伤,口腔损伤,牙脱落,牙齿脱落（8-11枚，伴颌骨缺损）
C.5.13.0,面部损伤,口腔损伤,牙龈裂伤,
C.5.14.1,面部损伤,口腔损伤,牙折断,根折
C.5.14.2,面部损伤,口腔损伤,牙折断,冠根联合折
C.5.14.3,面部损伤,口腔损伤,牙折断,冠折
C.6.1.0,面部损伤,眉部损伤,眉部擦挫伤/裂伤,
C.6.2.0,面部损伤,眉部损伤,眉弓骨折,
C.7.1.0,面部损伤,面部其他损伤,面瘫,
C.8.1.0,面部损伤,颞颌关节损伤,创伤性颞下颌关节炎(病),
C.8.2.0,面部损伤,颞颌关节损伤,颌骨脱位,
C.8.3.0,面部损伤,颞颌关节损伤,颌关节脱位,
C.8.4.0,面部损伤,颞颌关节损伤,颞颌关节挫伤,
C.8.5.0,面部损伤,颞颌关节损伤,颞颌关节脱位,
C.9.1.0,面部损伤,皮肤损伤,颌面部浅表异物,
C.9.2.0,面部损伤,皮肤损伤,颌面部浅表异物伴感染,
C.9.3.0,面部损伤,皮肤损伤,颌面部血肿,
C.9.4.1,面部损伤,皮肤损伤,面部软组织挫裂伤,创口长度累计＜10cm，或面积＜6cm2
C.9.4.2,面部损伤,皮肤损伤,面部软组织挫裂伤,创口长度累计≥10cm，且＜20cm；或面积≥6cm2，且＜12cm2
C.9.4.3,面部损伤,皮肤损伤,面部软组织挫裂伤,创口长度累计≥20cm，或面积≥12cm2
C.9.4.4,面部损伤,皮肤损伤,面部软组织挫裂伤,面积=100%
C.9.4.5,面部损伤,皮肤损伤,面部软组织挫裂伤,面积≥18cm2
C.9.4.6,面部损伤,皮肤损伤,面部软组织挫裂伤,面积≥20%
C.9.4.7,面部损伤,皮肤损伤,面部软组织挫裂伤,面积≥24cm2
C.9.4.8,面部损伤,皮肤损伤,面部软组织挫裂伤,面积≥40%
C.9.4.9,面部损伤,皮肤损伤,面部软组织挫裂伤,面积≥60%
C.9.4.10,面部损伤,皮肤损伤,面部软组织挫裂伤,面积≥80%
C.10.1.0,面部损伤,颧骨骨折,颧弓骨折,
C.10.2.0,面部损伤,颧骨骨折,颧骨骨折,
C.10.3.0,面部损伤,颧骨骨折,颧骨及上颌骨骨折,
C.11.1.0,面部损伤,腮腺损伤,腮腺导管损伤,
C.11.2.0,面部损伤,腮腺损伤,腮腺损伤（撕裂伤）,
C.12.1.0,面部损伤,舌损伤,舌挫裂伤,
C.12.2.0,面部损伤,舌损伤,舌骨骨折,
C.12.3.1,面部损伤,舌损伤,舌神经损伤,舌下神经损伤
C.12.3.2,面部损伤,舌损伤,舌神经损伤,舌咽神经损伤
C.12.4.1,面部损伤,舌损伤,舌外伤后缺失,缺失50％以上
C.12.4.2,面部损伤,舌损伤,舌外伤后缺失,舌尖部分缺失
C.12.4.3,面部损伤,舌损伤,舌外伤后缺失,舌尖缺失
C.13.1.0,面部损伤,神经损伤,面神经损伤,
C.13.2.0,面部损伤,神经损伤,三叉神经损伤,
C.14.1.1,面部损伤,双耳损伤,双侧创伤性耳聋,传导性耳聋
C.14.1.2,面部损伤,双耳损伤,双侧创伤性耳聋,感音神经性耳聋
C.14.1.3,面部损伤,双耳损伤,双侧创伤性耳聋,混合性耳聋
C.14.2.0,面部损伤,双耳损伤,双侧单纯性外耳道损伤,
C.14.3.1,面部损伤,双耳损伤,双侧鼓膜穿孔,中耳：穿孔大，半年内不愈
C.14.3.2,面部损伤,双耳损伤,双侧鼓膜穿孔,中耳：穿孔小，半年内自愈
C.14.4.0,面部损伤,双耳损伤,双侧迷路震荡,
C.14.5.0,面部损伤,双耳损伤,双侧内耳窗膜破裂,
C.14.6.0,面部损伤,双耳损伤,双侧听骨骨折,
C.14.7.0,面部损伤,双耳损伤,双侧听骨脱位,
C.14.8.0,面部损伤,双耳损伤,双侧听神经损伤,
C.14.9.0,面部损伤,双耳损伤,双侧外耳道损伤合并乳突损伤或下颌骨损伤,
C.14.10.1,面部损伤,双耳损伤,双侧外伤后耳廓损伤,双侧耳廓缺失（或严重畸形）。
C.14.10.2,面部损伤,双耳损伤,双侧外伤后耳廓损伤,一侧耳廓缺失（或严重畸形），另一侧缺失（或畸形）10%以上
C.14.10.3,面部损伤,双耳损伤,双侧外伤后耳廓损伤,一侧耳廓缺失（或严重畸形），另一侧缺失（或畸形）50%以上
C.15.1.1,面部损伤,双眼损伤,双侧玻璃体损伤,无手术指征：少量积血
C.15.1.2,面部损伤,双眼损伤,双侧玻璃体损伤,有手术指征：积血、脱出
C.15.2.0,面部损伤,双眼损伤,双侧创伤性白内障,
C.15.3.1,面部损伤,双眼损伤,双侧巩膜损伤,挫裂伤
C.15.4.1,面部损伤,双眼损伤,双侧虹膜睫状体损伤,虹膜根部断离>1/3
C.15.4.2,面部损伤,双眼损伤,双侧虹膜睫状体损伤,虹膜脱出
C.15.4.3,面部损伤,双眼损伤,双侧虹膜睫状体损伤,睫状体脱离
C.15.5.0,面部损伤,双眼损伤,双侧角膜擦挫伤,
C.15.6.0,面部损伤,双眼损伤,双侧角膜裂伤、穿孔,
C.15.7.0,面部损伤,双眼损伤,双侧晶状体脱位,
C.15.8.0,面部损伤,双眼损伤,双侧眶骨骨折,
C.15.9.1,面部损伤,双眼损伤,双侧泪小管断裂,其他类型
C.15.9.2,面部损伤,双眼损伤,双侧泪小管断裂,遗留溢泪症状
C.15.10.0,面部损伤,双眼损伤,双侧脉络膜损伤,
C.15.11.0,面部损伤,双眼损伤,双侧球结膜挫裂伤,
C.15.12.0,面部损伤,双眼损伤,双侧视神经损伤,
C.15.13.1,面部损伤,双眼损伤,双侧视网膜损伤,出血量大
C.15.13.2,面部损伤,双眼损伤,双侧视网膜损伤,出血量小
C.15.13.3,面部损伤,双眼损伤,双侧视网膜损伤,脱离
C.15.14.0,面部损伤,双眼损伤,双侧视网膜震荡,
C.15.15.0,面部损伤,双眼损伤,双侧外伤性黄斑变性,
C.15.16.0,面部损伤,双眼损伤,双侧外伤性黄斑穿孔,
C.15.17.0,面部损伤,双眼损伤,双侧外伤性青光眼,
C.15.18.0,面部损伤,双眼损伤,双侧外伤性视网膜病,
C.15.19.0,面部损伤,双眼损伤,双侧眼睑下垂,
C.15.20.1,面部损伤,双眼损伤,双侧眼眶损伤,眶内出血伴眼压升高
C.15.20.2,面部损伤,双眼损伤,双侧眼眶损伤,眶内出血不伴眼压升高
C.15.20.3,面部损伤,双眼损伤,双侧眼眶损伤,眼眶骨折无神经肌肉损伤
C.15.21.1,面部损伤,双眼损伤,双侧眼眶损伤伴眼球运动神经损伤,动眼
C.15.21.2,面部损伤,双眼损伤,双侧眼眶损伤伴眼球运动神经损伤,滑车
C.15.21.3,面部损伤,双眼损伤,双侧眼眶损伤伴眼球运动神经损伤,展神经
C.15.22.1,面部损伤,双眼损伤,双侧眼内感染,化脓性眼炎
C.15.22.2,面部损伤,双眼损伤,双侧眼内感染,交感性眼炎
C.15.23.0,面部损伤,双眼损伤,双侧眼内异物,
C.15.24.1,面部损伤,双眼损伤,双侧眼球损伤,穿通伤
C.15.24.2,面部损伤,双眼损伤,双侧眼球损伤,挫伤
C.15.24.3,面部损伤,双眼损伤,双侧眼球损伤,破裂
C.15.25.0,面部损伤,双眼损伤,双侧眼外肌损伤,
C.15.26.1,面部损伤,双眼损伤,双侧眼周外伤,鼻泪管损伤
C.15.26.2,面部损伤,双眼损伤,双侧眼周外伤,眼睑皮肤挫裂伤
C.15.26.3,面部损伤,双眼损伤,双侧眼周外伤,眼眶周皮下小血肿
C.16.1.1,面部损伤,右耳损伤,右侧创伤性耳聋,传导性耳聋
C.16.1.2,面部损伤,右耳损伤,右侧创伤性耳聋,感音神经性耳聋
C.16.1.3,面部损伤,右耳损伤,右侧创伤性耳聋,混合性耳聋
C.16.2.0,面部损伤,右耳损伤,右侧单纯性外耳道损伤,
C.16.3.1,面部损伤,右耳损伤,右侧鼓膜穿孔,中耳：穿孔大，半年内不愈
C.16.3.2,面部损伤,右耳损伤,右侧鼓膜穿孔,中耳：穿孔小，半年内自愈
C.16.4.0,面部损伤,右耳损伤,右侧迷路震荡,
C.16.5.0,面部损伤,右耳损伤,右侧内耳窗膜破裂,
C.16.6.0,面部损伤,右耳损伤,右侧听骨骨折,
C.16.7.0,面部损伤,右耳损伤,右侧听骨脱位,
C.16.8.0,面部损伤,右耳损伤,右侧听神经损伤,
C.16.9.0,面部损伤,右耳损伤,右侧外耳道损伤合并乳突损伤或下颌骨损伤,
C.16.10.1,面部损伤,右耳损伤,右侧外伤后耳廓损伤,一侧耳廓缺失（或畸形）10%以上
C.16.10.2,面部损伤,右耳损伤,右侧外伤后耳廓损伤,一侧耳廓缺失（或畸形）50%以上
C.16.10.3,面部损伤,右耳损伤,右侧外伤后耳廓损伤,一侧耳廓缺失（或严重畸形）
C.17.1.1,面部损伤,右眼损伤,右侧玻璃体损伤,无手术指征：少量积血
C.17.1.2,面部损伤,右眼损伤,右侧玻璃体损伤,有手术指征：积血、脱出
C.17.2.0,面部损伤,右眼损伤,右侧创伤性白内障,
C.17.3.1,面部损伤,右眼损伤,右侧巩膜损伤,挫裂伤
C.17.4.1,面部损伤,右眼损伤,右侧虹膜睫状体损伤,虹膜根部断离>1/3
C.17.4.2,面部损伤,右眼损伤,右侧虹膜睫状体损伤,虹膜脱出
C.17.4.3,面部损伤,右眼损伤,右侧虹膜睫状体损伤,睫状体脱离
C.17.5.0,面部损伤,右眼损伤,右侧角膜擦挫伤,
C.17.6.0,面部损伤,右眼损伤,右侧角膜裂伤、穿孔,
C.17.7.0,面部损伤,右眼损伤,右侧晶状体脱位,
C.17.8.0,面部损伤,右眼损伤,右侧眶骨骨折,
C.17.9.1,面部损伤,右眼损伤,右侧泪小管断裂,其他类型
C.17.9.2,面部损伤,右眼损伤,右侧泪小管断裂,遗留溢泪症状
C.17.10.0,面部损伤,右眼损伤,右侧脉络膜损伤,
C.17.11.0,面部损伤,右眼损伤,右侧球结膜挫裂伤,
C.17.12.0,面部损伤,右眼损伤,右侧视神经损伤,
C.17.13.1,面部损伤,右眼损伤,右侧视网膜损伤,出血量大
C.17.13.2,面部损伤,右眼损伤,右侧视网膜损伤,出血量小
C.17.13.3,面部损伤,右眼损伤,右侧视网膜损伤,脱离
C.17.14.0,面部损伤,右眼损伤,右侧视网膜震荡,
C.17.15.0,面部损伤,右眼损伤,右侧外伤性黄斑变性,
C.17.16.0,面部损伤,右眼损伤,右侧外伤性黄斑穿孔,
C.17.17.0,面部损伤,右眼损伤,右侧外伤性青光眼,
C.17.18.0,面部损伤,右眼损伤,右侧外伤性视网膜病,
C.17.19.0,面部损伤,右眼损伤,右侧眼睑下垂,
C.17.20.1,面部损伤,右眼损伤,右侧眼眶损伤,眶内出血伴眼压升高
C.17.20.2,面部损伤,右眼损伤,右侧眼眶损伤,眶内出血不伴眼压升高
C.17.20.3,面部损伤,右眼损伤,右侧眼眶损伤,眼眶骨折无神经肌肉损伤
C.17.21.1,面部损伤,右眼损伤,右侧眼眶损伤伴眼球运动神经损伤,动眼
C.17.21.2,面部损伤,右眼损伤,右侧眼眶损伤伴眼球运动神经损伤,滑车
C.17.21.3,面部损伤,右眼损伤,右侧眼眶损伤伴眼球运动神经损伤,展神经
C.17.22.1,面部损伤,右眼损伤,右侧眼内感染,化脓性眼炎
C.17.22.2,面部损伤,右眼损伤,右侧眼内感染,交感性眼炎
C.17.23.0,面部损伤,右眼损伤,右侧眼内异物,
C.17.24.1,面部损伤,右眼损伤,右侧眼球损伤,穿通伤
C.17.24.2,面部损伤,右眼损伤,右侧眼球损伤,挫伤
C.17.24.3,面部损伤,右眼损伤,右侧眼球损伤,破裂
C.17.25.0,面部损伤,右眼损伤,右侧眼外肌损伤,
C.17.26.1,面部损伤,右眼损伤,右侧眼周外伤,鼻泪管损伤
C.17.26.2,面部损伤,右眼损伤,右侧眼周外伤,眼睑皮肤挫裂伤
C.17.26.3,面部损伤,右眼损伤,右侧眼周外伤,眼眶周皮下小血肿
C.18.1.1,面部损伤,左耳损伤,左侧创伤性耳聋,传导性耳聋
C.18.1.2,面部损伤,左耳损伤,左侧创伤性耳聋,感音神经性耳聋
C.18.1.3,面部损伤,左耳损伤,左侧创伤性耳聋,混合性耳聋
C.18.2.0,面部损伤,左耳损伤,左侧单纯性外耳道损伤,
C.18.3.1,面部损伤,左耳损伤,左侧鼓膜穿孔,中耳：穿孔大，半年内不愈
C.18.3.2,面部损伤,左耳损伤,左侧鼓膜穿孔,中耳：穿孔小，半年内自愈
C.18.4.0,面部损伤,左耳损伤,左侧迷路震荡,
C.18.5.0,面部损伤,左耳损伤,左侧内耳窗膜破裂,
C.18.6.0,面部损伤,左耳损伤,左侧听骨骨折,
C.18.7.0,面部损伤,左耳损伤,左侧听骨脱位,
C.18.8.0,面部损伤,左耳损伤,左侧听神经损伤,
C.18.9.0,面部损伤,左耳损伤,左侧外耳道损伤合并乳突损伤或下颌骨损伤,
C.18.10.1,面部损伤,左耳损伤,左侧外伤后耳廓损伤,一侧耳廓缺失（或畸形）10%以上
C.18.10.2,面部损伤,左耳损伤,左侧外伤后耳廓损伤,一侧耳廓缺失（或畸形）50%以上
C.18.10.3,面部损伤,左耳损伤,左侧外伤后耳廓损伤,一侧耳廓缺失（或严重畸形）
C.19.1.1,面部损伤,左眼损伤,左侧玻璃体损伤,无手术指征：少量积血
C.19.1.2,面部损伤,左眼损伤,左侧玻璃体损伤,有手术指征：积血、脱出
C.19.2.0,面部损伤,左眼损伤,左侧创伤性白内障,
C.19.3.1,面部损伤,左眼损伤,左侧巩膜损伤,挫裂伤
C.19.4.1,面部损伤,左眼损伤,左侧虹膜睫状体损伤,虹膜根部断离>1/3
C.19.4.2,面部损伤,左眼损伤,左侧虹膜睫状体损伤,虹膜脱出
C.19.4.3,面部损伤,左眼损伤,左侧虹膜睫状体损伤,睫状体脱离
C.19.5.0,面部损伤,左眼损伤,左侧角膜擦挫伤,
C.19.6.0,面部损伤,左眼损伤,左侧角膜裂伤、穿孔,
C.19.7.0,面部损伤,左眼损伤,左侧晶状体脱位,
C.19.8.0,面部损伤,左眼损伤,左侧眶骨骨折,
C.19.9.1,面部损伤,左眼损伤,左侧泪小管断裂,其他类型
C.19.9.2,面部损伤,左眼损伤,左侧泪小管断裂,遗留溢泪症状
C.19.10.0,面部损伤,左眼损伤,左侧脉络膜损伤,
C.19.11.0,面部损伤,左眼损伤,左侧球结膜挫裂伤,
C.19.12.0,面部损伤,左眼损伤,左侧视神经损伤,
C.19.13.1,面部损伤,左眼损伤,左侧视网膜损伤,出血量大
C.19.13.2,面部损伤,左眼损伤,左侧视网膜损伤,出血量小
C.19.13.3,面部损伤,左眼损伤,左侧视网膜损伤,脱离
C.19.14.0,面部损伤,左眼损伤,左侧视网膜震荡,
C.19.15.0,面部损伤,左眼损伤,左侧外伤性黄斑变性,
C.19.16.0,面部损伤,左眼损伤,左侧外伤性黄斑穿孔,
C.19.17.0,面部损伤,左眼损伤,左侧外伤性青光眼,
C.19.18.0,面部损伤,左眼损伤,左侧外伤性视网膜病,
C.19.19.0,面部损伤,左眼损伤,左侧眼睑下垂,
C.19.20.1,面部损伤,左眼损伤,左侧眼眶损伤,眶内出血伴眼压升高
C.19.20.2,面部损伤,左眼损伤,左侧眼眶损伤,眶内出血不伴眼压升高
C.19.20.3,面部损伤,左眼损伤,左侧眼眶损伤,眼眶骨折无神经肌肉损伤
C.19.21.1,面部损伤,左眼损伤,左侧眼眶损伤伴眼球运动神经损伤,动眼
C.19.21.2,面部损伤,左眼损伤,左侧眼眶损伤伴眼球运动神经损伤,滑车
C.19.21.3,面部损伤,左眼损伤,左侧眼眶损伤伴眼球运动神经损伤,展神经
C.19.22.1,面部损伤,左眼损伤,左侧眼内感染,化脓性眼炎
C.19.22.2,面部损伤,左眼损伤,左侧眼内感染,交感性眼炎
C.19.23.0,面部损伤,左眼损伤,左侧眼内异物,
C.19.24.1,面部损伤,左眼损伤,左侧眼球损伤,穿通伤
C.19.24.2,面部损伤,左眼损伤,左侧眼球损伤,挫伤
C.19.24.3,面部损伤,左眼损伤,左侧眼球损伤,破裂
C.19.25.0,面部损伤,左眼损伤,左侧眼外肌损伤,
C.19.26.1,面部损伤,左眼损伤,左侧眼周外伤,鼻泪管损伤
C.19.26.2,面部损伤,左眼损伤,左侧眼周外伤,眼睑皮肤挫裂伤
C.19.26.3,面部损伤,左眼损伤,左侧眼周外伤,眼眶周皮下小血肿
D.1.1.0,胸部损伤,肺部损伤,创伤性肺炎[创伤性湿肺],
D.1.2.0,胸部损伤,肺部损伤,肺不张,
D.1.3.0,胸部损伤,肺部损伤,肺间质纤维化(炎症后),
D.1.4.0,胸部损伤,肺部损伤,肺脓肿,
D.1.5.1,胸部损伤,肺部损伤,肺损伤,穿透伤
D.1.5.2,胸部损伤,肺部损伤,肺损伤,挫伤
D.1.5.3,胸部损伤,肺部损伤,肺损伤,裂伤
D.1.5.4,胸部损伤,肺部损伤,肺损伤,其他类型
D.1.5.5,胸部损伤,肺部损伤,肺损伤,水肿
D.1.6.0,胸部损伤,肺部损伤,肺萎陷,
D.1.7.0,胸部损伤,肺部损伤,肺纤维化,
D.1.8.1,胸部损伤,肺部损伤,肺叶切除,其他类型
D.1.8.2,胸部损伤,肺部损伤,肺叶切除,一侧全肺切除
D.2.1.0,胸部损伤,横膈,创伤性膈破裂,
D.2.2.0,胸部损伤,横膈,创伤性膈疝,
D.2.3.0,胸部损伤,横膈,膈麻痹,
D.2.4.0,胸部损伤,横膈,膈松弛,
D.3.1.0,胸部损伤,淋巴系统,淋巴胸管损伤,
D.3.2.0,胸部损伤,淋巴系统,胸导管损伤,
D.3.3.0,胸部损伤,淋巴系统,胸腺损伤,
D.4.1.1,胸部损伤,气管,气管损伤,胸部气管损伤
D.4.1.2,胸部损伤,气管,气管损伤,支气管损伤
D.4.1.3,胸部损伤,气管,气管损伤,主支气管断裂
D.5.1.0,胸部损伤,乳房损伤,乳房的浅表损伤,
D.5.2.0,胸部损伤,乳房损伤,乳房开放性伤口,
D.5.3.1,胸部损伤,乳房损伤,乳房缺失,女性双侧乳房缺失
D.5.3.2,胸部损伤,乳房损伤,乳房缺失,女性一侧乳房部分缺失（或畸形）
D.5.3.3,胸部损伤,乳房损伤,乳房缺失,女性一侧乳房缺失（或严重畸形）
D.5.3.4,胸部损伤,乳房损伤,乳房缺失,女性一侧乳房缺失(或严重畸形），另一侧乳房部分缺失(或畸形）
D.5.4.0,胸部损伤,乳房损伤,乳腺导管损伤,
D.6.1.0,胸部损伤,心脏,创伤性心包积血,
D.6.2.0,胸部损伤,心脏,创伤性心包积液,
D.6.3.1,胸部损伤,心脏,心脏损伤,伴通入胸腔开放性伤口
D.6.3.2,胸部损伤,心脏,心脏损伤,其他类型
D.7.1.0,胸部损伤,胸壁,闭合性胸部损伤,
D.7.2.1,胸部损伤,胸壁,胸壁裂伤,<20cm
D.7.2.2,胸部损伤,胸壁,胸壁裂伤,≥20cm
D.8.1.0,胸部损伤,胸腹部软组织,胸腹部其他部位开放性伤口,
D.9.1.0,胸部损伤,胸骨,骨性胸廓其他部位骨折,
D.9.2.0,胸部损伤,胸骨,肋骨不全性骨折,
D.9.3.0,胸部损伤,胸骨,肋骨骨裂,
D.9.4.1,胸部损伤,胸骨,肋骨骨折,12根以上
D.9.4.2,胸部损伤,胸骨,肋骨骨折,1根
D.9.4.3,胸部损伤,胸骨,肋骨骨折,2－3根
D.9.4.4,胸部损伤,胸骨,肋骨骨折,4－7根
D.9.4.5,胸部损伤,胸骨,肋骨骨折,8－11根
D.9.4.6,胸部损伤,胸骨,肋骨骨折,多根多处，未明确根数
D.9.5.1,胸部损伤,胸骨,肋骨缺失,1肋
D.9.5.2,胸部损伤,胸骨,肋骨缺失,2肋以上
D.9.5.3,胸部损伤,胸骨,肋骨缺失,4肋以上
D.9.5.4,胸部损伤,胸骨,肋骨缺失,6肋以上，轻度影响呼吸功能
D.9.5.5,胸部损伤,胸骨,肋骨缺失,未明确根数
D.9.6.0,胸部损伤,胸骨,连枷胸,
D.9.7.1,胸部损伤,胸骨,胸骨骨折,闭合性
D.9.7.2,胸部损伤,胸骨,胸骨骨折,开放性
D.10.1.0,胸部损伤,胸膜,包裹性胸膜炎,
D.10.2.0,胸部损伤,胸膜,渗出性胸膜炎,
D.10.3.0,胸部损伤,胸膜,胸膜腔积液,
D.10.4.0,胸部损伤,胸膜,胸膜粘连,
D.11.1.0,胸部损伤,胸腔,脓胸,
D.11.2.1,胸部损伤,胸腔,气胸,大量，肺压缩2/3以上
D.11.2.2,胸部损伤,胸腔,气胸,小量，肺压缩1/3以下
D.11.2.3,胸部损伤,胸腔,气胸,中量，肺压缩2/3以下
D.11.3.0,胸部损伤,胸腔,胸腔积液,
D.11.4.1,胸部损伤,胸腔,血气胸,肺压缩1/3以下
D.11.4.2,胸部损伤,胸腔,血气胸,肺压缩2/3以上
D.11.4.3,胸部损伤,胸腔,血气胸,肺压缩2/3以下
D.11.5.1,胸部损伤,胸腔,血胸,胸腔积血1500mL以上
D.11.5.2,胸部损伤,胸腔,血胸,胸腔积血500mL－1500 mL
D.11.5.3,胸部损伤,胸腔,血胸,胸腔积血500mL以下
D.12.1.0,胸部损伤,血管,胸内大血管损伤,
D.13.1.1,胸部损伤,纵隔,纵膈损伤,纵膈感染
D.13.1.2,胸部损伤,纵隔,纵膈损伤,纵膈脓肿
D.13.1.3,胸部损伤,纵隔,纵膈损伤,纵膈气肿
E.1.1.0,腹部损伤,肠损伤,肠挫伤,
E.1.2.0,腹部损伤,肠损伤,肠损伤,
E.1.3.0,腹部损伤,肠损伤,出血性肠坏死,
E.2.1.0,腹部损伤,肠系膜损伤,肠系膜丛损伤,
E.2.2.0,腹部损伤,肠系膜损伤,肠系膜撕裂,
E.3.1.0,腹部损伤,大肠损伤（盲肠、结肠、直肠）,肠破裂,
E.3.2.1,腹部损伤,大肠损伤（盲肠、结肠、直肠）,肠切除,肠部分切除
E.3.2.2,腹部损伤,大肠损伤（盲肠、结肠、直肠）,肠切除,肠部分切除，且影响消化吸收功能
E.3.2.3,腹部损伤,大肠损伤（盲肠、结肠、直肠）,肠切除,肠全切除
E.3.3.1,腹部损伤,大肠损伤（盲肠、结肠、直肠）,直肠、肛门损伤,瘢痕形成，排便功能障碍
E.3.3.2,腹部损伤,大肠损伤（盲肠、结肠、直肠）,直肠、肛门损伤,其他类型
E.4.1.0,腹部损伤,腹壁,腹部闭合性损伤,
E.5.1.0,腹部损伤,腹膜,大网膜闭合性损伤,
E.5.2.0,腹部损伤,腹膜,腹膜后血肿,
E.5.3.0,腹部损伤,腹膜,腹膜损伤,
E.5.4.0,腹部损伤,腹膜,腹膜血肿,
E.5.5.0,腹部损伤,腹膜,急性腹膜炎,
E.6.1.0,腹部损伤,腹腔,腹部穿通伤行剖腹探查术未见脏器损伤,
E.6.2.0,腹部损伤,腹腔,腹腔积液,
E.6.3.0,腹部损伤,腹腔,腹腔内出血,
E.6.4.0,腹部损伤,腹腔,消化道出血,
E.7.1.0,腹部损伤,腹腔部位其他损伤,髂窝血肿,
E.8.1.0,腹部损伤,肝胆损伤,胆道损伤,
E.8.2.1,腹部损伤,肝胆损伤,胆管损伤,胆管破裂部分切除
E.8.2.2,腹部损伤,肝胆损伤,胆管损伤,胆管破裂修补
E.8.3.1,腹部损伤,肝胆损伤,胆囊损伤,胆囊破裂修补
E.8.3.2,腹部损伤,肝胆损伤,胆囊损伤,胆囊切除
E.8.3.3,腹部损伤,肝胆损伤,胆囊损伤,其他类型
E.8.4.0,腹部损伤,肝胆损伤,胆总管损伤,
E.8.5.0,腹部损伤,肝胆损伤,肝包膜下血肿,
E.8.6.0,腹部损伤,肝胆损伤,肝挫伤,
E.8.7.1,腹部损伤,肝胆损伤,肝破裂,创伤性肝破裂（保守治疗）
E.8.7.2,腹部损伤,肝胆损伤,肝破裂,肝破裂部分切除
E.8.7.3,腹部损伤,肝胆损伤,肝破裂,肝破裂行修补术
E.8.8.0,腹部损伤,肝胆损伤,肝损伤,
E.9.1.0,腹部损伤,肌肉肌腱损伤,腹部、下背和骨盆的肌肉和肌腱损伤,
E.10.1.0,腹部损伤,脾损伤,脾挫伤,
E.10.2.1,腹部损伤,脾损伤,脾破裂,创伤性脾破裂（保守治疗）
E.10.2.2,腹部损伤,脾损伤,脾破裂,脾破裂修补
E.10.2.3,腹部损伤,脾损伤,脾破裂,延迟性脾破裂
E.10.3.1,腹部损伤,脾损伤,脾切除,脾部分切除
E.10.3.2,腹部损伤,脾损伤,脾切除,脾切除
E.10.4.0,腹部损伤,脾损伤,脾血肿,
E.11.1.0,腹部损伤,神经损伤,腹部、下背和骨盆周围神经损伤,
E.11.2.0,腹部损伤,神经损伤,膈神经损伤,
E.11.3.0,腹部损伤,神经损伤,内脏神经损伤,
E.12.1.0,腹部损伤,肾损伤,挤压后肾衰竭,
E.12.2.0,腹部损伤,肾损伤,肾挫伤,
E.12.3.1,腹部损伤,肾损伤,肾功能不全,双侧肾功能障碍
E.12.3.2,腹部损伤,肾损伤,肾功能不全,一侧肾功能障碍
E.12.4.0,腹部损伤,肾损伤,肾开放性损伤,
E.12.5.0,腹部损伤,肾损伤,肾破裂,
E.12.6.1,腹部损伤,肾损伤,肾切除,双侧肾切除
E.12.6.2,腹部损伤,肾损伤,肾切除,一侧肾切除
E.12.6.3,腹部损伤,肾损伤,肾切除,一侧肾切除，另一侧肾功能障碍
E.12.7.0,腹部损伤,肾损伤,肾血肿,
E.12.8.0,腹部损伤,肾损伤,肾脏损伤,
E.12.9.0,腹部损伤,肾损伤,肾周血肿,
E.13.1.0,腹部损伤,胃损伤,贲门损伤,
E.13.2.0,腹部损伤,胃损伤,创伤性胃穿孔,
E.13.3.0,腹部损伤,胃损伤,开放性胃破裂,
E.13.4.1,腹部损伤,胃损伤,胃切除,全胃切除
E.13.4.2,腹部损伤,胃损伤,胃切除,胃部分切除
E.13.4.3,腹部损伤,胃损伤,胃切除,胃部分切除且影响消化吸收功能
E.13.5.0,腹部损伤,胃损伤,胃损伤,
E.14.1.0,腹部损伤,小肠损伤（十二指肠、空肠、回肠）,肠穿通伤,
E.14.2.0,腹部损伤,小肠损伤（十二指肠、空肠、回肠）,肠破裂,
E.14.3.1,腹部损伤,小肠损伤（十二指肠、空肠、回肠）,肠切除,肠部分切除
E.14.3.2,腹部损伤,小肠损伤（十二指肠、空肠、回肠）,肠切除,肠部分切除，且影响消化吸收功能
E.14.3.3,腹部损伤,小肠损伤（十二指肠、空肠、回肠）,肠切除,肠全切除
E.15.1.0,腹部损伤,血管损伤,肠系膜动脉损伤,
E.15.2.0,腹部损伤,血管损伤,肠系膜静脉损伤,
E.15.3.0,腹部损伤,血管损伤,创伤性下腔静脉破裂,
E.15.4.0,腹部损伤,血管损伤,腹腔动脉闭塞,
E.15.5.0,腹部损伤,血管损伤,腹腔动脉损伤,
E.15.6.0,腹部损伤,血管损伤,腹主动脉损伤,
E.15.7.0,腹部损伤,血管损伤,肝动脉损伤,
E.15.8.0,腹部损伤,血管损伤,肝静脉损伤,
E.15.9.0,腹部损伤,血管损伤,门静脉损伤,
E.15.10.0,腹部损伤,血管损伤,脾动脉损伤,
E.15.11.0,腹部损伤,血管损伤,脾静脉栓塞,
E.15.12.0,腹部损伤,血管损伤,脾栓塞,
E.15.13.0,腹部损伤,血管损伤,腔静脉栓塞,
E.15.14.0,腹部损伤,血管损伤,肾动脉损伤,
E.15.15.0,腹部损伤,血管损伤,肾静脉栓塞,
E.15.16.0,腹部损伤,血管损伤,肾静脉损伤,
E.15.17.0,腹部损伤,血管损伤,十二指肠动脉破裂,
E.15.18.0,腹部损伤,血管损伤,胃动脉损伤,
E.15.19.0,腹部损伤,血管损伤,胃十二指肠动脉损伤,
E.15.20.0,腹部损伤,血管损伤,下腹动脉损伤,
E.15.21.0,腹部损伤,血管损伤,下腹静脉损伤,
E.15.22.0,腹部损伤,血管损伤,下腔静脉栓塞,
E.15.23.0,腹部损伤,血管损伤,下腔静脉损伤,
E.16.1.0,腹部损伤,腰腹部损伤,腰腹部擦、挫伤,
E.16.2.1,腹部损伤,腰腹部损伤,腰腹部挫裂伤,皮肤创长度大于20cm
E.16.2.2,腹部损伤,腰腹部损伤,腰腹部挫裂伤,皮肤创长度小于或等于20cm
E.17.1.1,腹部损伤,胰腺损伤,胰切除,胰部分切除
E.17.1.2,腹部损伤,胰腺损伤,胰切除,胰部分切除，且影响消化吸收功能
E.17.1.3,腹部损伤,胰腺损伤,胰切除,胰全切除
E.17.2.0,腹部损伤,胰腺损伤,胰腺挫伤,
E.17.3.0,腹部损伤,胰腺损伤,胰腺破裂,
F.1.1.0,脊柱、骨盆部损伤,脊神经损伤,脊神经周围神经损伤,
F.2.1.0,脊柱、骨盆部损伤,脊髓损伤,截瘫,
F.3.1.0,脊柱、骨盆部损伤,颈椎损伤,齿突骨折,
F.3.2.0,脊柱、骨盆部损伤,颈椎损伤,寰椎骨折,
F.3.3.0,脊柱、骨盆部损伤,颈椎损伤,急性颈椎扭伤,
F.3.4.1,脊柱、骨盆部损伤,颈椎损伤,颈部脊髓损伤,脊髓挫伤
F.3.4.2,脊柱、骨盆部损伤,颈椎损伤,颈部脊髓损伤,脊髓的震荡和水肿
F.3.4.3,脊柱、骨盆部损伤,颈椎损伤,颈部脊髓损伤,脊髓压迫
F.3.4.4,脊柱、骨盆部损伤,颈椎损伤,颈部脊髓损伤,颈髓挥鞭样损伤
F.3.5.0,脊柱、骨盆部损伤,颈椎损伤,颈部脊柱多发性骨折,
F.3.6.0,脊柱、骨盆部损伤,颈椎损伤,颈部脊柱神经根损伤,
F.3.7.0,脊柱、骨盆部损伤,颈椎损伤,颈部椎间盘创伤性破裂,
F.3.8.0,脊柱、骨盆部损伤,颈椎损伤,颈部椎间盘脱出,
F.3.9.0,脊柱、骨盆部损伤,颈椎损伤,颈椎半脱位,
F.3.10.0,脊柱、骨盆部损伤,颈椎损伤,颈椎粉碎性骨折,
F.3.11.0,脊柱、骨盆部损伤,颈椎损伤,颈椎管狭窄,
F.3.12.0,脊柱、骨盆部损伤,颈椎损伤,颈椎脱位,
F.3.13.0,脊柱、骨盆部损伤,颈椎损伤,颈椎压缩性骨折,
F.3.14.0,脊柱、骨盆部损伤,颈椎损伤,颈椎椎弓根崩裂、滑脱,
F.3.15.0,脊柱、骨盆部损伤,颈椎损伤,颈椎椎弓骨折,
F.3.16.0,脊柱、骨盆部损伤,颈椎损伤,枢椎骨折,
F.4.1.1,脊柱、骨盆部损伤,盆腔部位其他损伤,耻骨骨折,耻骨联合分离
F.4.1.2,脊柱、骨盆部损伤,盆腔部位其他损伤,耻骨骨折,耻骨上、下支骨折
F.4.1.3,脊柱、骨盆部损伤,盆腔部位其他损伤,耻骨骨折,耻骨上支骨折
F.4.1.4,脊柱、骨盆部损伤,盆腔部位其他损伤,耻骨骨折,耻骨下支骨折
F.4.2.0,脊柱、骨盆部损伤,盆腔部位其他损伤,骶髂关节脱位,
F.4.3.0,脊柱、骨盆部损伤,盆腔部位其他损伤,骨挫伤,
F.4.4.1,脊柱、骨盆部损伤,盆腔部位其他损伤,骨盆骨折,不稳定性
F.4.4.2,脊柱、骨盆部损伤,盆腔部位其他损伤,骨盆骨折,粉碎性骨折
F.4.4.3,脊柱、骨盆部损伤,盆腔部位其他损伤,骨盆骨折,合并尿道损伤，遗有尿道狭窄，不需手术修复
F.4.4.4,脊柱、骨盆部损伤,盆腔部位其他损伤,骨盆骨折,合并尿道完全性损伤，需手术修复
F.4.4.5,脊柱、骨盆部损伤,盆腔部位其他损伤,骨盆骨折,稳定性
F.4.5.1,脊柱、骨盆部损伤,盆腔部位其他损伤,髋骨骨折,不稳定性
F.4.5.2,脊柱、骨盆部损伤,盆腔部位其他损伤,髋骨骨折,稳定性
F.4.6.0,脊柱、骨盆部损伤,盆腔部位其他损伤,髋关节扭伤,
F.4.7.1,脊柱、骨盆部损伤,盆腔部位其他损伤,髋关节脱位,半脱位
F.4.7.2,脊柱、骨盆部损伤,盆腔部位其他损伤,髋关节脱位,脱位
F.4.8.0,脊柱、骨盆部损伤,盆腔部位其他损伤,髋关节紊乱,
F.4.9.1,脊柱、骨盆部损伤,盆腔部位其他损伤,髋臼骨折,粉碎性骨折
F.4.9.2,脊柱、骨盆部损伤,盆腔部位其他损伤,髋臼骨折,线性骨折
F.4.10.1,脊柱、骨盆部损伤,盆腔部位其他损伤,尿道损伤,尿道挫伤
F.4.10.2,脊柱、骨盆部损伤,盆腔部位其他损伤,尿道损伤,尿道断裂
F.4.10.3,脊柱、骨盆部损伤,盆腔部位其他损伤,尿道损伤,遗有尿道狭窄
F.4.11.1,脊柱、骨盆部损伤,盆腔部位其他损伤,膀胱破裂,保守治疗
F.4.11.2,脊柱、骨盆部损伤,盆腔部位其他损伤,膀胱破裂,膀胱部分切除
F.4.11.3,脊柱、骨盆部损伤,盆腔部位其他损伤,膀胱破裂,膀胱破裂修补
F.4.11.4,脊柱、骨盆部损伤,盆腔部位其他损伤,膀胱破裂,膀胱全切除
F.4.12.0,脊柱、骨盆部损伤,盆腔部位其他损伤,髂骨粉碎性骨折,
F.4.13.1,脊柱、骨盆部损伤,盆腔部位其他损伤,肾上腺损伤,挫伤
F.4.13.2,脊柱、骨盆部损伤,盆腔部位其他损伤,肾上腺损伤,破裂
F.4.14.1,脊柱、骨盆部损伤,盆腔部位其他损伤,输尿管损伤,切除
F.4.14.2,脊柱、骨盆部损伤,盆腔部位其他损伤,输尿管损伤,输尿管挫伤
F.4.14.3,脊柱、骨盆部损伤,盆腔部位其他损伤,输尿管损伤,输尿管断裂
F.4.15.1,脊柱、骨盆部损伤,盆腔部位其他损伤,坐骨骨折,不稳定性
F.4.15.2,脊柱、骨盆部损伤,盆腔部位其他损伤,坐骨骨折,多发性骨折
F.4.15.3,脊柱、骨盆部损伤,盆腔部位其他损伤,坐骨骨折,粉碎性骨折
F.4.15.4,脊柱、骨盆部损伤,盆腔部位其他损伤,坐骨骨折,稳定性
F.5.1.0,脊柱、骨盆部损伤,神经损伤,闭孔神经损伤,
F.5.2.0,脊柱、骨盆部损伤,神经损伤,马尾损伤,
F.5.3.0,脊柱、骨盆部损伤,神经损伤,腰部、骶部和骨盆交感神经损伤,
F.5.4.0,脊柱、骨盆部损伤,神经损伤,腰骶丛损伤,
F.5.5.0,脊柱、骨盆部损伤,神经损伤,腰骶神经丛断裂,
F.5.6.0,脊柱、骨盆部损伤,神经损伤,坐骨神经损伤,
F.6.1.0,脊柱、骨盆部损伤,生殖器官,会阴浅表损伤,
F.6.2.0,脊柱、骨盆部损伤,生殖器官,会阴撕裂,
F.6.3.0,脊柱、骨盆部损伤,生殖器官,会阴血肿,
F.6.4.0,脊柱、骨盆部损伤,生殖器官,外生殖器挤压伤,
F.7.1.1,脊柱、骨盆部损伤,生殖器官（男）,睾丸损伤,创伤性切断单侧未再植
F.7.1.2,脊柱、骨盆部损伤,生殖器官（男）,睾丸损伤,创伤性切断离断再植
F.7.1.3,脊柱、骨盆部损伤,生殖器官（男）,睾丸损伤,创伤性切断双侧未再植
F.7.1.4,脊柱、骨盆部损伤,生殖器官（男）,睾丸损伤,睾丸挫伤
F.7.1.5,脊柱、骨盆部损伤,生殖器官（男）,睾丸损伤,睾丸破裂
F.7.2.0,脊柱、骨盆部损伤,生殖器官（男）,精索损伤,
F.7.3.0,脊柱、骨盆部损伤,生殖器官（男）,前列腺挫伤,
F.7.4.0,脊柱、骨盆部损伤,生殖器官（男）,前列腺破裂,
F.7.5.0,脊柱、骨盆部损伤,生殖器官（男）,鞘膜积血,
F.7.6.1,脊柱、骨盆部损伤,生殖器官（男）,输精管损伤,单侧切除
F.7.6.2,脊柱、骨盆部损伤,生殖器官（男）,输精管损伤,单纯挫伤
F.7.6.3,脊柱、骨盆部损伤,生殖器官（男）,输精管损伤,双侧切除
F.7.7.0,脊柱、骨盆部损伤,生殖器官（男）,阴茎挫伤,
F.7.8.1,脊柱、骨盆部损伤,生殖器官（男）,阴茎龟头缺失(或畸形),缺失(或畸形)＜25%
F.7.8.2,脊柱、骨盆部损伤,生殖器官（男）,阴茎龟头缺失(或畸形),缺失(或畸形)≥25%
F.7.8.3,脊柱、骨盆部损伤,生殖器官（男）,阴茎龟头缺失(或畸形),缺失(或畸形)≥50%
F.7.8.4,脊柱、骨盆部损伤,生殖器官（男）,阴茎龟头缺失(或畸形),缺失(或畸形)100%
F.7.9.0,脊柱、骨盆部损伤,生殖器官（男）,阴茎裂伤,
F.7.10.1,脊柱、骨盆部损伤,生殖器官（男）,阴茎体离断,部分离断(或畸形)未再植
F.7.10.2,脊柱、骨盆部损伤,生殖器官（男）,阴茎体离断,大部分离断(或畸形)未再植
F.7.10.3,脊柱、骨盆部损伤,生殖器官（男）,阴茎体离断,断端吻合再植
F.7.10.4,脊柱、骨盆部损伤,生殖器官（男）,阴茎体离断,完全离断（或严重畸形)未再植
F.7.11.0,脊柱、骨盆部损伤,生殖器官（男）,阴茎脱位,
F.7.12.0,脊柱、骨盆部损伤,生殖器官（男）,阴囊创伤性切断,
F.7.13.0,脊柱、骨盆部损伤,生殖器官（男）,阴囊挫伤,
F.7.14.0,脊柱、骨盆部损伤,生殖器官（男）,阴囊撕裂伤,
F.7.15.0,脊柱、骨盆部损伤,生殖器官（男）,阴囊血肿,
F.8.1.0,脊柱、骨盆部损伤,生殖器官（女，不含子宫附件）,处女膜撕裂伤,
F.8.2.1,脊柱、骨盆部损伤,生殖器官（女，不含子宫附件）,阴唇创伤性切断,阴唇创伤性切断
F.8.3.1,脊柱、骨盆部损伤,生殖器官（女，不含子宫附件）,阴唇血肿,血肿
F.8.4.0,脊柱、骨盆部损伤,生殖器官（女，不含子宫附件）,阴道挫伤,
F.8.5.1,脊柱、骨盆部损伤,生殖器官（女，不含子宫附件）,阴道撕裂伤,撕裂伤
F.8.6.1,脊柱、骨盆部损伤,生殖器官（女，不含子宫附件）,阴道组织缺损,组织缺损
F.9.1.0,脊柱、骨盆部损伤,臀部（含肛门）,肛括约肌裂伤,
F.9.2.0,脊柱、骨盆部损伤,臀部（含肛门）,臀部挫伤,
F.10.1.1,脊柱、骨盆部损伤,胸椎损伤,胸部脊髓损伤,脊髓挫伤
F.10.1.2,脊柱、骨盆部损伤,胸椎损伤,胸部脊髓损伤,脊髓的震荡和水肿
F.10.1.3,脊柱、骨盆部损伤,胸椎损伤,胸部脊髓损伤,脊髓压迫
F.10.2.0,脊柱、骨盆部损伤,胸椎损伤,胸部脊柱神经根损伤,
F.10.3.0,脊柱、骨盆部损伤,胸椎损伤,胸部椎间盘破裂,
F.10.4.0,脊柱、骨盆部损伤,胸椎损伤,胸部椎间盘脱出,
F.10.5.0,脊柱、骨盆部损伤,胸椎损伤,胸椎爆裂性骨折,
F.10.6.0,脊柱、骨盆部损伤,胸椎损伤,胸椎粉碎性骨折,
F.10.7.0,脊柱、骨盆部损伤,胸椎损伤,胸椎管狭窄,
F.10.8.0,脊柱、骨盆部损伤,胸椎损伤,胸椎脱位,
F.10.9.1,脊柱、骨盆部损伤,胸椎损伤,胸椎压缩性骨折,压缩超过1/3
F.10.9.2,脊柱、骨盆部损伤,胸椎损伤,胸椎压缩性骨折,压缩未达1/3
F.10.10.0,脊柱、骨盆部损伤,胸椎损伤,胸椎椎弓根崩裂、滑脱,
F.10.11.0,脊柱、骨盆部损伤,胸椎损伤,胸椎椎弓骨折,
F.11.1.0,脊柱、骨盆部损伤,腰骶尾部损伤,创伤性腰骶关节不稳,
F.11.2.0,脊柱、骨盆部损伤,腰骶尾部损伤,骶部脊髓损伤,
F.11.3.0,脊柱、骨盆部损伤,腰骶尾部损伤,骶尾部挫伤,
F.11.4.0,脊柱、骨盆部损伤,腰骶尾部损伤,骶尾部脱位,
F.11.5.0,脊柱、骨盆部损伤,腰骶尾部损伤,骶椎管狭窄,
F.11.6.0,脊柱、骨盆部损伤,腰骶尾部损伤,骶椎体骨折,
F.11.7.0,脊柱、骨盆部损伤,腰骶尾部损伤,尾骨骨折,
F.11.8.0,脊柱、骨盆部损伤,腰骶尾部损伤,腰骶关节脱位,
F.11.9.0,脊柱、骨盆部损伤,腰骶尾部损伤,腰骶椎间盘脱出,
F.11.10.0,脊柱、骨盆部损伤,腰骶尾部损伤,腰骶椎体滑突,
F.12.1.1,脊柱、骨盆部损伤,腰椎损伤,腰部脊髓损伤,挫伤
F.12.1.2,脊柱、骨盆部损伤,腰椎损伤,腰部脊髓损伤,脊髓压迫
F.12.1.3,脊柱、骨盆部损伤,腰椎损伤,腰部脊髓损伤,震荡和水肿
F.12.2.0,脊柱、骨盆部损伤,腰椎损伤,腰椎爆裂性骨折,
F.12.3.0,脊柱、骨盆部损伤,腰椎损伤,腰椎粉碎性骨折,
F.12.4.0,脊柱、骨盆部损伤,腰椎损伤,腰椎骨折伴脊髓损害,
F.12.5.0,脊柱、骨盆部损伤,腰椎损伤,腰椎关节紊乱,
F.12.6.0,脊柱、骨盆部损伤,腰椎损伤,腰椎管狭窄,
F.12.7.0,脊柱、骨盆部损伤,腰椎损伤,腰椎间盘破裂,
F.12.8.0,脊柱、骨盆部损伤,腰椎损伤,腰椎间盘脱出,
F.12.9.0,脊柱、骨盆部损伤,腰椎损伤,腰椎脱位,
F.12.10.1,脊柱、骨盆部损伤,腰椎损伤,腰椎压缩性骨折,超1/3
F.12.10.2,脊柱、骨盆部损伤,腰椎损伤,腰椎压缩性骨折,未超1/3
F.12.11.0,脊柱、骨盆部损伤,腰椎损伤,腰椎椎弓根崩裂、滑脱,
F.12.12.0,脊柱、骨盆部损伤,腰椎损伤,腰椎椎弓骨折,
F.13.1.0,脊柱、骨盆部损伤,椎间盘损伤,椎管不完全脱位性狭窄,
F.13.2.0,脊柱、骨盆部损伤,椎间盘损伤,椎管间盘狭窄,
F.13.3.0,脊柱、骨盆部损伤,椎间盘损伤,椎间盘膨出(突出),
F.14.1.0,脊柱、骨盆部损伤,椎体损伤,横突骨折,
F.14.2.0,脊柱、骨盆部损伤,椎体损伤,棘突骨折,
F.15.1.0,脊柱、骨盆部损伤,子宫及附件,卵巢挫伤,
F.15.2.0,脊柱、骨盆部损伤,子宫及附件,卵巢破裂,
F.15.3.1,脊柱、骨盆部损伤,子宫及附件,卵巢切除,单侧
F.15.3.2,脊柱、骨盆部损伤,子宫及附件,卵巢切除,双侧
F.15.4.0,脊柱、骨盆部损伤,子宫及附件,输卵管挫伤,
F.15.5.0,脊柱、骨盆部损伤,子宫及附件,输卵管破裂,
F.15.6.1,脊柱、骨盆部损伤,子宫及附件,输卵管切除,单侧
F.15.6.2,脊柱、骨盆部损伤,子宫及附件,输卵管切除,双侧
F.15.7.1,脊柱、骨盆部损伤,子宫及附件,阴道积血,伴有子宫积血
F.15.7.2,脊柱、骨盆部损伤,子宫及附件,阴道积血,不伴子宫积血
F.15.8.0,脊柱、骨盆部损伤,子宫及附件,子宫破裂,
F.15.9.1,脊柱、骨盆部损伤,子宫及附件,子宫切除,部分
F.15.9.2,脊柱、骨盆部损伤,子宫及附件,子宫切除,全部
F.15.10.0,脊柱、骨盆部损伤,子宫及附件,子宫损伤,
F.16.1.1,脊柱、骨盆部损伤,子宫及其附件,流产,稽留流产
F.16.1.2,脊柱、骨盆部损伤,子宫及其附件,流产,其他类型
F.16.1.3,脊柱、骨盆部损伤,子宫及其附件,流产,先兆流产
F.16.2.0,脊柱、骨盆部损伤,子宫及其附件,胎盘早剥,
F.16.3.1,脊柱、骨盆部损伤,子宫及其附件,早产,其他类型
F.16.3.2,脊柱、骨盆部损伤,子宫及其附件,早产,先兆早产
G.1.1.0,四肢损伤,踝部肌肉肌腱损伤,双踝部肌肉肌腱损伤,
G.1.2.0,四肢损伤,踝部肌肉肌腱损伤,右踝部肌肉肌腱断裂,
G.1.3.0,四肢损伤,踝部肌肉肌腱损伤,左踝部肌肉肌腱断裂,
G.2.1.0,四肢损伤,踝部软组织,踝挤压伤,
G.3.1.0,四肢损伤,上肢肌肉肌腱损伤,上臂肌肉肌腱韧带损伤,
G.4.1.0,四肢损伤,腕部软组织损伤,腕部开放性伤口,
G.5.1.0,四肢损伤,右侧膝关节韧带损伤,右侧膝髌韧带裂(扭)伤,
G.5.2.0,四肢损伤,右侧膝关节韧带损伤,右侧膝关节交叉副韧带断裂,
G.5.3.0,四肢损伤,右侧膝关节韧带损伤,右侧膝关节交叉副韧带损伤,
G.5.4.0,四肢损伤,右侧膝关节韧带损伤,右侧膝关节内侧副韧带损伤,
G.5.5.0,四肢损伤,右侧膝关节韧带损伤,右侧膝关节外侧副韧带损伤,
G.5.6.0,四肢损伤,右侧膝关节韧带损伤,右侧膝十字韧带损伤,
G.6.1.0,四肢损伤,右大腿骨损伤,右侧股骨粗隆间骨折,
G.6.2.0,四肢损伤,右大腿骨损伤,右侧股骨大转子骨折,
G.6.3.0,四肢损伤,右大腿骨损伤,右侧股骨骨裂,
G.6.4.1,四肢损伤,右大腿骨损伤,右侧股骨骨折,右侧股骨粉碎性骨折
G.6.4.2,四肢损伤,右大腿骨损伤,右侧股骨骨折,右侧股骨其他类型骨折
G.6.4.3,四肢损伤,右大腿骨损伤,右侧股骨骨折,右侧股骨上端粉碎性骨折
G.6.4.4,四肢损伤,右大腿骨损伤,右侧股骨骨折,右侧股骨上端其他类型骨折
G.6.4.5,四肢损伤,右大腿骨损伤,右侧股骨骨折,右侧股骨下端粉碎性骨折
G.6.4.6,四肢损伤,右大腿骨损伤,右侧股骨骨折,右侧股骨下端其他类型骨折
G.6.5.1,四肢损伤,右大腿骨损伤,右侧股骨颈骨折,右侧股骨颈粉碎性骨折
G.6.5.2,四肢损伤,右大腿骨损伤,右侧股骨颈骨折,右侧股骨颈其他类型骨折
G.6.6.0,四肢损伤,右大腿骨损伤,右侧股骨髁间骨折,
G.6.7.0,四肢损伤,右大腿骨损伤,右侧股骨髁上骨折,
G.6.8.0,四肢损伤,右大腿骨损伤,右侧股骨髁撕脱性骨折,
G.6.9.0,四肢损伤,右大腿骨损伤,右侧股骨头骨折,
G.6.10.0,四肢损伤,右大腿骨损伤,右侧股骨转子骨折,
G.6.11.0,四肢损伤,右大腿骨损伤,右侧股骨转子下骨折,
G.6.12.0,四肢损伤,右大腿骨损伤,右侧髁状突骨折,
G.7.1.0,四肢损伤,右大腿神经损伤,右侧股神经损伤,
G.8.1.1,四肢损伤,右踝部骨损伤,右侧内踝骨折,右侧内踝粉碎性骨折
G.8.1.2,四肢损伤,右踝部骨损伤,右侧内踝骨折,右侧内踝撕脱性骨折
G.8.2.0,四肢损伤,右踝部骨损伤,右侧三踝骨折,
G.8.3.0,四肢损伤,右踝部骨损伤,右侧双踝骨折,
G.8.4.1,四肢损伤,右踝部骨损伤,右侧外踝骨折,右侧外踝粉碎性骨折
G.8.4.2,四肢损伤,右踝部骨损伤,右侧外踝骨折,右侧外踝撕脱性骨折
G.9.1.0,四肢损伤,右踝部关节损伤,右侧踝关节扭伤,
G.9.2.0,四肢损伤,右踝部关节损伤,右侧踝关节脱位,
G.9.3.0,四肢损伤,右踝部关节损伤,右侧踝关节外侧韧带断裂,
G.10.1.1,四肢损伤,右肩部骨损伤,右侧肩胛骨骨折,粉碎性骨折
G.10.1.2,四肢损伤,右肩部骨损伤,右侧肩胛骨骨折,右侧肩胛骨其他类型骨折
G.10.2.1,四肢损伤,右肩部骨损伤,右侧肩胛盂骨折,粉碎性骨折
G.10.2.2,四肢损伤,右肩部骨损伤,右侧肩胛盂骨折,右侧肩胛盂其他类型骨折
G.10.3.1,四肢损伤,右肩部骨损伤,右侧锁骨骨折,右侧锁骨近端粉碎性骨折
G.10.3.2,四肢损伤,右肩部骨损伤,右侧锁骨骨折,右侧锁骨近端其他类型骨折
G.10.3.3,四肢损伤,右肩部骨损伤,右侧锁骨骨折,右侧锁骨远端粉碎性骨折
G.10.3.4,四肢损伤,右肩部骨损伤,右侧锁骨骨折,右侧锁骨远端其他类型骨折
G.10.3.5,四肢损伤,右肩部骨损伤,右侧锁骨骨折,右侧锁骨中段粉碎性骨折
G.10.3.6,四肢损伤,右肩部骨损伤,右侧锁骨骨折,右侧锁骨中段其他类型骨折
G.11.1.0,四肢损伤,右肩部关节损伤,右侧肩关节扭伤,
G.11.2.0,四肢损伤,右肩部关节损伤,右侧肩关节脱位,
G.11.3.0,四肢损伤,右肩部关节损伤,右侧肩关节脱位并大结节撕脱性骨折,
G.11.4.0,四肢损伤,右肩部关节损伤,右侧肩锁关节脱位,
G.11.5.0,四肢损伤,右肩部关节损伤,右侧胸锁关节脱位,
G.12.1.0,四肢损伤,右髋部关节损伤,右侧股骨头脱位,
G.12.2.0,四肢损伤,右髋部关节损伤,右侧髋关节半脱位,
G.12.3.0,四肢损伤,右髋部关节损伤,右侧髋关节脱位,
G.12.4.0,四肢损伤,右髋部关节损伤,右侧髋关节置换,
G.13.1.0,四肢损伤,右髋部软组织损伤,右侧大腿开放性伤口,
G.13.2.0,四肢损伤,右髋部软组织损伤,右侧大腿血肿,
G.13.3.0,四肢损伤,右髋部软组织损伤,右侧骑跨伤,
G.14.1.1,四肢损伤,右前臂骨损伤,右侧尺骨干骨折,右侧尺骨干粉碎性骨折
G.14.1.2,四肢损伤,右前臂骨损伤,右侧尺骨干骨折,右侧尺骨干其他类型骨折
G.14.2.0,四肢损伤,右前臂骨损伤,右侧尺骨冠突骨折,
G.14.3.1,四肢损伤,右前臂骨损伤,右侧尺骨近端骨折,右侧尺骨近端粉碎性骨折
G.14.3.2,四肢损伤,右前臂骨损伤,右侧尺骨近端骨折,右侧尺骨近端其他类型骨折
G.14.4.0,四肢损伤,右前臂骨损伤,右侧尺骨茎突骨折,
G.14.5.0,四肢损伤,右前臂骨损伤,右侧尺骨头骨折,
G.14.6.1,四肢损伤,右前臂骨损伤,右侧尺骨鹰嘴骨折,右侧尺骨鹰嘴粉碎性骨折
G.14.6.2,四肢损伤,右前臂骨损伤,右侧尺骨鹰嘴骨折,右侧尺骨鹰嘴其他类型骨折
G.14.7.1,四肢损伤,右前臂骨损伤,右侧尺骨远端骨折,右侧尺骨远端粉碎性骨折
G.14.7.2,四肢损伤,右前臂骨损伤,右侧尺骨远端骨折,右侧尺骨远端其他类型骨折
G.14.8.0,四肢损伤,右前臂骨损伤,右侧尺桡骨骨裂,
G.14.9.0,四肢损伤,右前臂骨损伤,右侧尺桡骨双骨折,
G.14.10.0,四肢损伤,右前臂骨损伤,右侧科雷氏骨折,
G.14.11.0,四肢损伤,右前臂骨损伤,右侧孟氏骨折,
G.14.12.1,四肢损伤,右前臂骨损伤,右侧桡骨干骨折,右侧桡骨干粉碎性骨折
G.14.12.2,四肢损伤,右前臂骨损伤,右侧桡骨干骨折,右侧桡骨干其他类型骨折
G.14.13.1,四肢损伤,右前臂骨损伤,右侧桡骨近端骨折,右侧桡骨近端粉碎性骨折
G.14.13.2,四肢损伤,右前臂骨损伤,右侧桡骨近端骨折,右侧桡骨近端其他类型骨折
G.14.14.0,四肢损伤,右前臂骨损伤,右侧桡骨颈骨折,
G.14.15.0,四肢损伤,右前臂骨损伤,右侧桡骨头骨折,
G.14.16.1,四肢损伤,右前臂骨损伤,右侧桡骨远端骨折,右侧桡骨远端粉碎性骨折
G.14.16.2,四肢损伤,右前臂骨损伤,右侧桡骨远端骨折,右侧桡骨远端其他类型骨折
G.14.17.0,四肢损伤,右前臂骨损伤,右侧史密斯骨折,
G.15.1.0,四肢损伤,右前臂关节损伤,右侧桡骨头脱位,
G.15.2.0,四肢损伤,右前臂关节损伤,右侧上尺桡关节脱位,
G.15.3.0,四肢损伤,右前臂关节损伤,右侧下尺桡关节脱位,
G.16.1.0,四肢损伤,右前臂神经损伤,右侧尺神经损伤,
G.16.2.0,四肢损伤,右前臂神经损伤,右侧前臂正中神经损伤,
G.16.3.0,四肢损伤,右前臂神经损伤,右侧桡神经损伤,
G.16.4.0,四肢损伤,右前臂神经损伤,右侧肘部或肘上正中神经损伤,
G.17.1.0,四肢损伤,右前臂血管损伤,右侧尺动脉损伤,
G.17.2.0,四肢损伤,右前臂血管损伤,右侧桡动脉损伤,
G.17.3.0,四肢损伤,右前臂血管损伤,右侧桡静脉损伤,
G.18.1.0,四肢损伤,右上臂（含肩部）软组织损伤,右侧肩部开放性伤口,
G.18.2.0,四肢损伤,右上臂（含肩部）软组织损伤,右侧肩袖损伤（回旋肌套损伤）,
G.18.3.0,四肢损伤,右上臂（含肩部）软组织损伤,右侧上臂开放性伤口,
G.18.4.0,四肢损伤,右上臂（含肩部）软组织损伤,右侧上臂血肿,
G.18.5.0,四肢损伤,右上臂（含肩部）软组织损伤,右侧腋窝开放性伤口,
G.19.1.0,四肢损伤,右上臂（含肩部）神经损伤,右侧臂丛神经损伤,
G.19.2.0,四肢损伤,右上臂（含肩部）神经损伤,右侧尺神经断裂,
G.19.3.0,四肢损伤,右上臂（含肩部）神经损伤,右侧尺神经损伤,
G.19.4.0,四肢损伤,右上臂（含肩部）神经损伤,右侧肌皮神经损伤,
G.19.5.0,四肢损伤,右上臂（含肩部）神经损伤,右侧桡神经断裂,
G.19.6.0,四肢损伤,右上臂（含肩部）神经损伤,右侧桡神经损伤,
G.19.7.0,四肢损伤,右上臂（含肩部）神经损伤,右侧上臂正中神经损伤,
G.19.8.0,四肢损伤,右上臂（含肩部）神经损伤,右侧斜方肌麻痹,
G.19.9.0,四肢损伤,右上臂（含肩部）神经损伤,右侧腋神经损伤,
G.19.10.0,四肢损伤,右上臂（含肩部）神经损伤,右侧正中神经断裂,
G.19.11.0,四肢损伤,右上臂（含肩部）神经损伤,右侧正中神经损伤,
G.20.1.0,四肢损伤,右上臂（含肩部）血管损伤,右侧肱动脉破裂,
G.20.2.0,四肢损伤,右上臂（含肩部）血管损伤,右侧肱动脉损伤,
G.20.3.0,四肢损伤,右上臂（含肩部）血管损伤,右侧肱静脉破裂,
G.20.4.0,四肢损伤,右上臂（含肩部）血管损伤,右侧肱静脉损伤,
G.20.5.0,四肢损伤,右上臂（含肩部）血管损伤,右侧腋动脉破裂,
G.20.6.0,四肢损伤,右上臂（含肩部）血管损伤,右侧腋动脉损伤,
G.20.7.0,四肢损伤,右上臂（含肩部）血管损伤,右侧腋静脉破裂,
G.20.8.0,四肢损伤,右上臂（含肩部）血管损伤,右侧腋静脉损伤,
G.21.1.1,四肢损伤,右上臂骨损伤,右侧肱骨大结节骨折,粉碎性骨折
G.21.1.2,四肢损伤,右上臂骨损伤,右侧肱骨大结节骨折,右侧肱骨大结节其他类型骨折
G.21.2.1,四肢损伤,右上臂骨损伤,右侧肱骨干骨折,粉碎性骨折
G.21.2.2,四肢损伤,右上臂骨损伤,右侧肱骨干骨折,右侧肱骨干其他类型骨折
G.21.3.1,四肢损伤,右上臂骨损伤,右侧肱骨近端骨折,粉碎性骨折
G.21.3.2,四肢损伤,右上臂骨损伤,右侧肱骨近端骨折,右侧肱骨近端其他类型骨折
G.21.4.1,四肢损伤,右上臂骨损伤,右侧肱骨头骨折,粉碎性骨折
G.21.4.2,四肢损伤,右上臂骨损伤,右侧肱骨头骨折,右侧肱骨头其他类型骨折
G.21.5.1,四肢损伤,右上臂骨损伤,右侧肱骨外科颈骨折,粉碎性骨折
G.21.5.2,四肢损伤,右上臂骨损伤,右侧肱骨外科颈骨折,右侧肱骨外科颈其他类型骨折
G.21.6.1,四肢损伤,右上臂骨损伤,右侧肱骨远端骨折,粉碎性骨折
G.21.6.2,四肢损伤,右上臂骨损伤,右侧肱骨远端骨折,右侧肱骨远端其他类型骨折
G.22.1.1,四肢损伤,右上肢毁损,右侧手指缺失或截断,右侧单个手指离断
G.22.1.2,四肢损伤,右上肢毁损,右侧手指缺失或截断,右侧环指近节缺失
G.22.1.3,四肢损伤,右上肢毁损,右侧手指缺失或截断,右侧环指远节缺失
G.22.1.4,四肢损伤,右上肢毁损,右侧手指缺失或截断,右侧环指中节缺失
G.22.1.5,四肢损伤,右上肢毁损,右侧手指缺失或截断,右侧两个或更多手指截断
G.22.1.6,四肢损伤,右上肢毁损,右侧手指缺失或截断,右侧拇指创伤性截断
G.22.1.7,四肢损伤,右上肢毁损,右侧手指缺失或截断,右侧拇指截断伴其他手指
G.22.1.8,四肢损伤,右上肢毁损,右侧手指缺失或截断,右侧拇指近节缺损
G.22.1.9,四肢损伤,右上肢毁损,右侧手指缺失或截断,右侧拇指远节缺损
G.22.1.10,四肢损伤,右上肢毁损,右侧手指缺失或截断,右侧示指近节缺失
G.22.1.11,四肢损伤,右上肢毁损,右侧手指缺失或截断,右侧示指远节缺失
G.22.1.12,四肢损伤,右上肢毁损,右侧手指缺失或截断,右侧示指中节缺失
G.22.1.13,四肢损伤,右上肢毁损,右侧手指缺失或截断,右侧手指(的一部分)伴有腕和手其他部位的合并创伤性切断
G.22.1.14,四肢损伤,右上肢毁损,右侧手指缺失或截断,右侧小指近节缺失
G.22.1.15,四肢损伤,右上肢毁损,右侧手指缺失或截断,右侧小指远节缺失
G.22.1.16,四肢损伤,右上肢毁损,右侧手指缺失或截断,右侧小指中节缺失
G.22.1.17,四肢损伤,右上肢毁损,右侧手指缺失或截断,右侧中指近节缺失
G.22.1.18,四肢损伤,右上肢毁损,右侧手指缺失或截断,右侧中指远节缺失
G.22.1.19,四肢损伤,右上肢毁损,右侧手指缺失或截断,右侧中指中节缺失
G.22.2.0,四肢损伤,右上肢毁损,右侧腕关节以上缺失,
G.22.3.0,四肢损伤,右上肢毁损,右侧腕掌关节以上缺失,
G.22.4.0,四肢损伤,右上肢毁损,右侧掌指关节以上缺失,
G.22.5.0,四肢损伤,右上肢毁损,右侧肘关节以上缺失,
G.23.1.1,四肢损伤,右手部骨损伤,右侧掌骨骨折,右侧第二掌骨骨折
G.23.1.2,四肢损伤,右手部骨损伤,右侧掌骨骨折,右侧第三掌骨骨折
G.23.1.3,四肢损伤,右手部骨损伤,右侧掌骨骨折,右侧第四掌骨骨折
G.23.1.4,四肢损伤,右手部骨损伤,右侧掌骨骨折,右侧第五掌骨骨折
G.23.1.5,四肢损伤,右手部骨损伤,右侧掌骨骨折,右侧第一掌骨骨折
G.23.1.6,四肢损伤,右手部骨损伤,右侧掌骨骨折,右侧多发掌骨骨折
G.23.2.1,四肢损伤,右手部骨损伤,右侧指骨骨折,右侧环指近节指骨骨折
G.23.2.2,四肢损伤,右手部骨损伤,右侧指骨骨折,右侧环指远节指骨骨折
G.23.2.3,四肢损伤,右手部骨损伤,右侧指骨骨折,右侧环指中节指骨骨折
G.23.2.4,四肢损伤,右手部骨损伤,右侧指骨骨折,右侧拇指骨折
G.23.2.5,四肢损伤,右手部骨损伤,右侧指骨骨折,右侧拇指近节指骨骨折
G.23.2.6,四肢损伤,右手部骨损伤,右侧指骨骨折,右侧拇指远节指骨骨折
G.23.2.7,四肢损伤,右手部骨损伤,右侧指骨骨折,右侧示指近节指骨骨折
G.23.2.8,四肢损伤,右手部骨损伤,右侧指骨骨折,右侧示指远节指骨骨折
G.23.2.9,四肢损伤,右手部骨损伤,右侧指骨骨折,右侧示指中节指骨骨折
G.23.2.10,四肢损伤,右手部骨损伤,右侧指骨骨折,右侧小指近节指骨骨折
G.23.2.11,四肢损伤,右手部骨损伤,右侧指骨骨折,右侧小指远节指骨骨折
G.23.2.12,四肢损伤,右手部骨损伤,右侧指骨骨折,右侧小指中节指骨骨折
G.23.2.13,四肢损伤,右手部骨损伤,右侧指骨骨折,右侧中指近节指骨骨折
G.23.2.14,四肢损伤,右手部骨损伤,右侧指骨骨折,右侧中指远节指骨骨折
G.23.2.15,四肢损伤,右手部骨损伤,右侧指骨骨折,右侧中指中节指骨骨折
G.24.1.0,四肢损伤,右手部关节损伤,右侧拇指扭伤,
G.24.2.0,四肢损伤,右手部关节损伤,右侧拇指脱位,
G.24.3.0,四肢损伤,右手部关节损伤,右侧手指多处脱位,
G.24.4.0,四肢损伤,右手部关节损伤,右侧掌指(关节)脱位,
G.24.5.0,四肢损伤,右手部关节损伤,右侧掌指关节扭伤,
G.24.6.0,四肢损伤,右手部关节损伤,右侧指关节脱位,
G.25.1.1,四肢损伤,右腕部骨损伤,右侧腕骨骨折,右侧豆状骨骨折
G.25.1.2,四肢损伤,右腕部骨损伤,右侧腕骨骨折,右侧钩状骨骨折
G.25.1.3,四肢损伤,右腕部骨损伤,右侧腕骨骨折,右侧三角骨[腕楔形骨]骨折
G.25.1.4,四肢损伤,右腕部骨损伤,右侧腕骨骨折,右侧头状骨骨折
G.25.1.5,四肢损伤,右腕部骨损伤,右侧腕骨骨折,右侧腕骨开放性骨折
G.25.1.6,四肢损伤,右腕部骨损伤,右侧腕骨骨折,右侧腕舟状骨骨折
G.25.1.7,四肢损伤,右腕部骨损伤,右侧腕骨骨折,右侧月状骨[半月骨]骨折
G.26.1.0,四肢损伤,右腕关节损伤,右侧桡腕关节脱位,
G.26.2.0,四肢损伤,右腕关节损伤,右侧腕骨脱位,
G.26.3.0,四肢损伤,右腕关节损伤,右侧腕关节扭伤和劳损,
G.26.4.0,四肢损伤,右腕关节损伤,右侧腕掌(关节)脱位,
G.27.1.1,四肢损伤,右膝部骨损伤,右侧半月板损伤,右侧内侧半月板损伤
G.27.1.2,四肢损伤,右膝部骨损伤,右侧半月板损伤,右侧外侧半月板损伤
G.27.2.1,四肢损伤,右膝部骨损伤,右侧髌骨骨折,右侧髌骨粉碎性骨折
G.27.2.2,四肢损伤,右膝部骨损伤,右侧髌骨骨折,右侧髌骨骨裂
G.27.2.3,四肢损伤,右膝部骨损伤,右侧髌骨骨折,右侧髌骨其他类型骨折
G.27.2.4,四肢损伤,右膝部骨损伤,右侧髌骨骨折,右侧髌骨撕脱性骨折
G.28.1.0,四肢损伤,右膝部关节损伤,右侧髌骨脱位,
G.28.2.0,四肢损伤,右膝部关节损伤,右侧关节积液,
G.28.3.0,四肢损伤,右膝部关节损伤,右侧膝关节扭伤,
G.28.4.0,四肢损伤,右膝部关节损伤,右侧膝关节脱位,
G.29.1.0,四肢损伤,右膝部软组织损伤,右侧膝部开放性伤口,
G.30.1.0,四肢损伤,右膝部神经损伤,右侧腓神经损伤,
G.30.2.0,四肢损伤,右膝部神经损伤,右侧腓总神经损害,
G.30.3.0,四肢损伤,右膝部神经损伤,右侧_内侧神经损害,
G.30.4.0,四肢损伤,右膝部神经损伤,右侧胫后神经损伤,
G.30.5.0,四肢损伤,右膝部神经损伤,右侧胫神经损伤,
G.31.1.0,四肢损伤,右膝部血管损伤,右侧小腿（含膝部）血管损伤,
G.32.1.0,四肢损伤,右下肢毁损,右侧踝关节以上缺失（外伤性）,
G.32.2.1,四肢损伤,右下肢毁损,右侧脚趾截断或缺失,右侧多趾非全部趾截断（不含拇趾）
G.32.2.2,四肢损伤,右下肢毁损,右侧脚趾截断或缺失,右侧跗跖关节以上缺失（外伤性）
G.32.2.3,四肢损伤,右下肢毁损,右侧脚趾截断或缺失,右侧拇趾近节创伤性切断
G.32.2.4,四肢损伤,右下肢毁损,右侧脚趾截断或缺失,右侧拇趾远节创伤性切断
G.32.2.5,四肢损伤,右下肢毁损,右侧脚趾截断或缺失,右侧全部趾截断（不含拇趾）
G.32.2.6,四肢损伤,右下肢毁损,右侧脚趾截断或缺失,右侧一个足趾创伤性切断（不含拇趾）
G.32.3.0,四肢损伤,右下肢毁损,右侧膝关节以上缺失（外伤性）,
G.33.1.1,四肢损伤,右小腿骨损伤,右侧腓骨骨折,右侧腓骨干粉碎性骨折
G.33.1.2,四肢损伤,右小腿骨损伤,右侧腓骨骨折,右侧腓骨干其他类型骨折
G.33.1.3,四肢损伤,右小腿骨损伤,右侧腓骨骨折,右侧腓骨骨裂
G.33.1.4,四肢损伤,右小腿骨损伤,右侧腓骨骨折,右侧腓骨下段骨折
G.33.2.1,四肢损伤,右小腿骨损伤,右侧腓骨颈骨折,右侧腓骨颈粉碎性骨折
G.33.2.2,四肢损伤,右小腿骨损伤,右侧腓骨颈骨折,右侧腓骨颈其他类型骨折
G.33.3.0,四肢损伤,右小腿骨损伤,右侧腓骨头骨折,
G.33.4.1,四肢损伤,右小腿骨损伤,右侧胫腓骨骨折,右侧胫腓骨粉碎性骨折
G.33.4.2,四肢损伤,右小腿骨损伤,右侧胫腓骨骨折,右侧胫腓骨其他类型骨折
G.33.5.1,四肢损伤,右小腿骨损伤,右侧胫骨骨折,右侧胫骨干粉碎性骨折
G.33.5.2,四肢损伤,右小腿骨损伤,右侧胫骨骨折,右侧胫骨干其他类型骨折
G.33.5.3,四肢损伤,右小腿骨损伤,右侧胫骨骨折,右侧胫骨骨裂
G.33.5.4,四肢损伤,右小腿骨损伤,右侧胫骨骨折,右侧胫骨上段粉碎性骨折
G.33.5.5,四肢损伤,右小腿骨损伤,右侧胫骨骨折,右侧胫骨上段其他类型骨折
G.33.5.6,四肢损伤,右小腿骨损伤,右侧胫骨骨折,右侧胫骨下段骨折
G.33.5.7,四肢损伤,右小腿骨损伤,右侧胫骨骨折,右侧胫骨远端pilon骨折
G.33.6.0,四肢损伤,右小腿骨损伤,右侧胫骨结节骨折,
G.33.7.0,四肢损伤,右小腿骨损伤,右侧胫骨髁骨折,
G.33.8.0,四肢损伤,右小腿骨损伤,右侧胫骨髁间棘骨折,
G.33.9.1,四肢损伤,右小腿骨损伤,右侧胫骨平台骨折,右侧胫骨平台粉碎性骨折
G.33.9.2,四肢损伤,右小腿骨损伤,右侧胫骨平台骨折,右侧胫骨平台其他类型骨折
G.33.9.3,四肢损伤,右小腿骨损伤,右侧胫骨平台骨折,右侧胫骨平台撕脱性骨折
G.33.9.4,四肢损伤,右小腿骨损伤,右侧胫骨平台骨折,右侧胫骨平台塌陷性骨折
G.33.10.0,四肢损伤,右小腿骨损伤,右侧胫骨头骨折,
G.34.1.0,四肢损伤,右小腿韧带损伤,右侧胫腓韧带撕裂,
G.35.1.0,四肢损伤,右小腿软组织损伤,右侧跟腱断裂,
G.36.1.0,四肢损伤,右肘部关节损伤,右侧肘关节扭伤,
G.36.2.0,四肢损伤,右肘部关节损伤,右侧肘关节脱位,
G.37.1.1,四肢损伤,右足部骨损伤,右侧跗骨骨折,不含距骨、跟骨的部位骨折
G.37.2.1,四肢损伤,右足部骨损伤,右侧跟骨骨折,粉碎性骨折
G.37.2.2,四肢损伤,右足部骨损伤,右侧跟骨骨折,右侧跟骨其他类型骨折
G.37.3.1,四肢损伤,右足部骨损伤,右侧距骨骨折,粉碎性骨折
G.37.3.2,四肢损伤,右足部骨损伤,右侧距骨骨折,右侧距骨其他类型骨折
G.37.4.0,四肢损伤,右足部骨损伤,右侧距骨脱位,
G.37.5.0,四肢损伤,右足部骨损伤,右侧骰骨骨折,
G.37.6.1,四肢损伤,右足部骨损伤,右侧楔骨骨折,右侧楔骨单发性骨折
G.37.6.2,四肢损伤,右足部骨损伤,右侧楔骨骨折,右侧楔骨多发骨折
G.37.7.1,四肢损伤,右足部骨损伤,右侧跖骨骨折,右侧第二跖骨骨折
G.37.7.2,四肢损伤,右足部骨损伤,右侧跖骨骨折,右侧第三跖骨骨折
G.37.7.3,四肢损伤,右足部骨损伤,右侧跖骨骨折,右侧第四跖骨骨折
G.37.7.4,四肢损伤,右足部骨损伤,右侧跖骨骨折,右侧第五跖骨骨折
G.37.7.5,四肢损伤,右足部骨损伤,右侧跖骨骨折,右侧第一跖骨骨折
G.37.8.0,四肢损伤,右足部骨损伤,右侧跖骨脱位,
G.37.9.1,四肢损伤,右足部骨损伤,右侧趾骨骨折,右侧拇趾骨折
G.37.9.2,四肢损伤,右足部骨损伤,右侧趾骨骨折,右侧拇趾近节骨折
G.37.9.3,四肢损伤,右足部骨损伤,右侧趾骨骨折,右侧拇趾远节骨折
G.37.9.4,四肢损伤,右足部骨损伤,右侧趾骨骨折,右侧趾骨骨折（不含第一趾）
G.37.10.0,四肢损伤,右足部骨损伤,右侧足部多发骨折,
G.37.11.1,四肢损伤,右足部骨损伤,右侧足舟骨骨折,右侧足舟骨开放性骨折
G.37.11.2,四肢损伤,右足部骨损伤,右侧足舟骨骨折,右侧足舟骨其他类型骨折
G.37.11.3,四肢损伤,右足部骨损伤,右侧足舟骨骨折,右侧足舟骨撕脱性骨折
G.38.1.0,四肢损伤,右足部软组织损伤,右侧趾开放性伤口,
G.38.2.0,四肢损伤,右足部软组织损伤,右侧足碾压伤,
G.38.3.0,四肢损伤,右足部软组织损伤,右侧足趾挤压伤,
G.39.1.1,四肢损伤,右足部神经损伤,右侧足部神经损伤,右侧足部其他神经损伤
G.39.1.2,四肢损伤,右足部神经损伤,右侧足部神经损伤,右侧足底神经损伤
G.40.1.0,四肢损伤,右足部血管损伤,右侧足背动脉损伤,
G.40.2.0,四肢损伤,右足部血管损伤,右侧足背静脉损伤,
G.40.3.0,四肢损伤,右足部血管损伤,右侧足底动脉损伤,
G.41.1.0,四肢损伤,左侧膝关节韧带损伤,左侧膝髌韧带裂(扭)伤,
G.41.2.0,四肢损伤,左侧膝关节韧带损伤,左侧膝关节交叉副韧带断裂,
G.41.3.0,四肢损伤,左侧膝关节韧带损伤,左侧膝关节交叉副韧带损伤,
G.41.4.0,四肢损伤,左侧膝关节韧带损伤,左侧膝关节内侧副韧带损伤,
G.41.5.0,四肢损伤,左侧膝关节韧带损伤,左侧膝关节外侧副韧带损伤,
G.41.6.0,四肢损伤,左侧膝关节韧带损伤,左侧膝十字韧带损伤,
G.42.1.0,四肢损伤,左大腿骨损伤,左侧股骨粗隆间骨折,
G.42.2.0,四肢损伤,左大腿骨损伤,左侧股骨大转子骨折,
G.42.3.0,四肢损伤,左大腿骨损伤,左侧股骨骨裂,
G.42.4.1,四肢损伤,左大腿骨损伤,左侧股骨骨折,左侧股骨粉碎性骨折
G.42.4.2,四肢损伤,左大腿骨损伤,左侧股骨骨折,左侧股骨其他类型骨折
G.42.4.3,四肢损伤,左大腿骨损伤,左侧股骨骨折,左侧股骨上端粉碎性骨折
G.42.4.4,四肢损伤,左大腿骨损伤,左侧股骨骨折,左侧股骨上端其他类型骨折
G.42.4.5,四肢损伤,左大腿骨损伤,左侧股骨骨折,左侧股骨下端粉碎性骨折
G.42.4.6,四肢损伤,左大腿骨损伤,左侧股骨骨折,左侧股骨下端其他类型骨折
G.42.5.1,四肢损伤,左大腿骨损伤,左侧股骨颈骨折,左侧股骨颈粉碎性骨折
G.42.5.2,四肢损伤,左大腿骨损伤,左侧股骨颈骨折,左侧股骨颈其他类型骨折
G.42.6.0,四肢损伤,左大腿骨损伤,左侧股骨髁间骨折,
G.42.7.0,四肢损伤,左大腿骨损伤,左侧股骨髁上骨折,
G.42.8.0,四肢损伤,左大腿骨损伤,左侧股骨髁撕脱性骨折,
G.42.9.0,四肢损伤,左大腿骨损伤,左侧股骨头骨折,
G.42.10.0,四肢损伤,左大腿骨损伤,左侧股骨转子骨折,
G.42.11.0,四肢损伤,左大腿骨损伤,左侧股骨转子下骨折,
G.42.12.0,四肢损伤,左大腿骨损伤,左侧髁状突骨折,
G.43.1.0,四肢损伤,左大腿神经损伤,左侧股神经损伤,
G.44.1.1,四肢损伤,左踝部骨损伤,左侧内踝骨折,左侧内踝粉碎性骨折
G.44.1.2,四肢损伤,左踝部骨损伤,左侧内踝骨折,左侧内踝撕脱性骨折
G.44.2.0,四肢损伤,左踝部骨损伤,左侧三踝骨折,
G.44.3.0,四肢损伤,左踝部骨损伤,左侧双踝骨折,
G.44.4.1,四肢损伤,左踝部骨损伤,左侧外踝骨折,左侧外踝粉碎性骨折
G.44.4.2,四肢损伤,左踝部骨损伤,左侧外踝骨折,左侧外踝撕脱性骨折
G.45.1.0,四肢损伤,左踝部关节损伤,左侧踝关节扭伤,
G.45.2.0,四肢损伤,左踝部关节损伤,左侧踝关节脱位,
G.45.3.0,四肢损伤,左踝部关节损伤,左侧踝关节外侧韧带断裂,
G.46.1.1,四肢损伤,左肩部骨损伤,左侧肩胛骨骨折,粉碎性骨折
G.46.1.2,四肢损伤,左肩部骨损伤,左侧肩胛骨骨折,左侧肩胛骨其他类型骨折
G.46.2.1,四肢损伤,左肩部骨损伤,左侧肩胛盂骨折,粉碎性骨折
G.46.2.2,四肢损伤,左肩部骨损伤,左侧肩胛盂骨折,左侧肩胛盂其他类型骨折
G.46.3.1,四肢损伤,左肩部骨损伤,左侧锁骨骨折,左侧锁骨近端粉碎性骨折
G.46.3.2,四肢损伤,左肩部骨损伤,左侧锁骨骨折,左侧锁骨近端其他类型骨折
G.46.3.3,四肢损伤,左肩部骨损伤,左侧锁骨骨折,左侧锁骨远端粉碎性骨折
G.46.3.4,四肢损伤,左肩部骨损伤,左侧锁骨骨折,左侧锁骨远端其他类型骨折
G.46.3.5,四肢损伤,左肩部骨损伤,左侧锁骨骨折,左侧锁骨中段粉碎性骨折
G.46.3.6,四肢损伤,左肩部骨损伤,左侧锁骨骨折,左侧锁骨中段其他类型骨折
G.47.1.0,四肢损伤,左肩部关节损伤,左侧肩关节扭伤,
G.47.2.0,四肢损伤,左肩部关节损伤,左侧肩关节脱位,
G.47.3.0,四肢损伤,左肩部关节损伤,左侧肩关节脱位并大结节撕脱性骨折,
G.47.4.0,四肢损伤,左肩部关节损伤,左侧肩锁关节脱位,
G.47.5.0,四肢损伤,左肩部关节损伤,左侧胸锁关节脱位,
G.48.1.0,四肢损伤,左髋部关节损伤,左侧股骨头脱位,
G.48.2.0,四肢损伤,左髋部关节损伤,左侧髋关节半脱位,
G.48.3.0,四肢损伤,左髋部关节损伤,左侧髋关节脱位,
G.48.4.0,四肢损伤,左髋部关节损伤,左侧髋关节置换,
G.49.1.0,四肢损伤,左髋部软组织损伤,左侧大腿开放性伤口,
G.49.2.0,四肢损伤,左髋部软组织损伤,左侧大腿血肿,
G.49.3.0,四肢损伤,左髋部软组织损伤,左侧骑跨伤,
G.50.1.1,四肢损伤,左前臂骨损伤,左侧尺骨骨折,左侧尺骨干粉碎性骨折
G.50.1.2,四肢损伤,左前臂骨损伤,左侧尺骨骨折,左侧尺骨干其他类型骨折
G.50.2.0,四肢损伤,左前臂骨损伤,左侧尺骨冠突骨折,
G.50.3.1,四肢损伤,左前臂骨损伤,左侧尺骨近端骨折,左侧尺骨近端粉碎性骨折
G.50.3.2,四肢损伤,左前臂骨损伤,左侧尺骨近端骨折,左侧尺骨近端其他类型骨折
G.50.4.0,四肢损伤,左前臂骨损伤,左侧尺骨茎突骨折,
G.50.5.0,四肢损伤,左前臂骨损伤,左侧尺骨头骨折,
G.50.6.1,四肢损伤,左前臂骨损伤,左侧尺骨鹰嘴骨折,左侧尺骨鹰嘴粉碎性骨折
G.50.6.2,四肢损伤,左前臂骨损伤,左侧尺骨鹰嘴骨折,左侧尺骨鹰嘴其他类型骨折
G.50.7.1,四肢损伤,左前臂骨损伤,左侧尺骨远端骨折,左侧尺骨远端粉碎性骨折
G.50.7.2,四肢损伤,左前臂骨损伤,左侧尺骨远端骨折,左侧尺骨远端其他类型骨折
G.50.8.0,四肢损伤,左前臂骨损伤,左侧尺桡骨骨裂,
G.50.9.0,四肢损伤,左前臂骨损伤,左侧尺桡骨双骨折,
G.50.10.0,四肢损伤,左前臂骨损伤,左侧科雷氏骨折,
G.50.11.0,四肢损伤,左前臂骨损伤,左侧孟氏骨折,
G.50.12.1,四肢损伤,左前臂骨损伤,左侧桡骨干骨折,左侧桡骨干粉碎性骨折
G.50.12.2,四肢损伤,左前臂骨损伤,左侧桡骨干骨折,左侧桡骨干其他类型骨折
G.50.13.1,四肢损伤,左前臂骨损伤,左侧桡骨近端骨折,左侧桡骨近端粉碎性骨折
G.50.13.2,四肢损伤,左前臂骨损伤,左侧桡骨近端骨折,左侧桡骨近端其他类型骨折
G.50.14.0,四肢损伤,左前臂骨损伤,左侧桡骨颈骨折,
G.50.15.0,四肢损伤,左前臂骨损伤,左侧桡骨头骨折,
G.50.16.1,四肢损伤,左前臂骨损伤,左侧桡骨远端骨折,左侧桡骨远端粉碎性骨折
G.50.16.2,四肢损伤,左前臂骨损伤,左侧桡骨远端骨折,左侧桡骨远端其他类型骨折
G.50.17.0,四肢损伤,左前臂骨损伤,左侧史密斯骨折,
G.51.1.0,四肢损伤,左前臂关节损伤,左侧桡骨头脱位,
G.51.2.0,四肢损伤,左前臂关节损伤,左侧上尺桡关节脱位,
G.51.3.0,四肢损伤,左前臂关节损伤,左侧下尺桡关节脱位,
G.52.1.0,四肢损伤,左前臂神经损伤,左侧尺神经损伤,
G.52.2.0,四肢损伤,左前臂神经损伤,左侧前臂正中神经损伤,
G.52.3.0,四肢损伤,左前臂神经损伤,左侧桡神经损伤,
G.52.4.0,四肢损伤,左前臂神经损伤,左侧肘部或肘上正中神经损伤,
G.53.1.0,四肢损伤,左前臂血管损伤,左侧尺动脉损伤,
G.53.2.0,四肢损伤,左前臂血管损伤,左侧桡动脉损伤,
G.53.3.0,四肢损伤,左前臂血管损伤,左侧桡静脉损伤,
G.54.1.0,四肢损伤,左上臂（含肩部）软组织损伤,左侧肩部开放性伤口,
G.54.2.0,四肢损伤,左上臂（含肩部）软组织损伤,左侧肩袖损伤（回旋肌套损伤）,
G.54.3.0,四肢损伤,左上臂（含肩部）软组织损伤,左侧上臂开放性伤口,
G.54.4.0,四肢损伤,左上臂（含肩部）软组织损伤,左侧上臂血肿,
G.54.5.0,四肢损伤,左上臂（含肩部）软组织损伤,左侧腋窝开放性伤口,
G.55.1.0,四肢损伤,左上臂（含肩部）神经损伤,左侧臂丛神经损伤,
G.55.2.0,四肢损伤,左上臂（含肩部）神经损伤,左侧尺神经断裂,
G.55.3.0,四肢损伤,左上臂（含肩部）神经损伤,左侧尺神经损伤,
G.55.4.0,四肢损伤,左上臂（含肩部）神经损伤,左侧肌皮神经损伤,
G.55.5.0,四肢损伤,左上臂（含肩部）神经损伤,左侧桡神经断裂,
G.55.6.0,四肢损伤,左上臂（含肩部）神经损伤,左侧桡神经损伤,
G.55.7.0,四肢损伤,左上臂（含肩部）神经损伤,左侧上臂正中神经损伤,
G.55.8.0,四肢损伤,左上臂（含肩部）神经损伤,左侧斜方肌麻痹,
G.55.9.0,四肢损伤,左上臂（含肩部）神经损伤,左侧腋神经损伤,
G.55.10.0,四肢损伤,左上臂（含肩部）神经损伤,左侧正中神经断裂,
G.55.11.0,四肢损伤,左上臂（含肩部）神经损伤,左侧正中神经损伤,
G.56.1.0,四肢损伤,左上臂（含肩部）血管损伤,左侧肱动脉破裂,
G.56.2.0,四肢损伤,左上臂（含肩部）血管损伤,左侧肱动脉损伤,
G.56.3.0,四肢损伤,左上臂（含肩部）血管损伤,左侧肱静脉破裂,
G.56.4.0,四肢损伤,左上臂（含肩部）血管损伤,左侧肱静脉损伤,
G.56.5.0,四肢损伤,左上臂（含肩部）血管损伤,左侧腋动脉破裂,
G.56.6.0,四肢损伤,左上臂（含肩部）血管损伤,左侧腋动脉损伤,
G.56.7.0,四肢损伤,左上臂（含肩部）血管损伤,左侧腋静脉破裂,
G.56.8.0,四肢损伤,左上臂（含肩部）血管损伤,左侧腋静脉损伤,
G.57.1.1,四肢损伤,左上臂骨损伤,左侧肱骨大结节骨折,粉碎性骨折
G.57.1.2,四肢损伤,左上臂骨损伤,左侧肱骨大结节骨折,左侧肱骨大结节其他类型骨折
G.57.2.1,四肢损伤,左上臂骨损伤,左侧肱骨干骨折,粉碎性骨折
G.57.2.2,四肢损伤,左上臂骨损伤,左侧肱骨干骨折,左侧肱骨干其他类型骨折
G.57.3.1,四肢损伤,左上臂骨损伤,左侧肱骨近端骨折,粉碎性骨折
G.57.3.2,四肢损伤,左上臂骨损伤,左侧肱骨近端骨折,左侧肱骨近端其他类型骨折
G.57.4.1,四肢损伤,左上臂骨损伤,左侧肱骨头骨折,粉碎性骨折
G.57.4.2,四肢损伤,左上臂骨损伤,左侧肱骨头骨折,左侧肱骨头其他类型骨折
G.57.5.1,四肢损伤,左上臂骨损伤,左侧肱骨外科颈骨折,粉碎性骨折
G.57.5.2,四肢损伤,左上臂骨损伤,左侧肱骨外科颈骨折,左侧肱骨外科颈其他类型骨折
G.57.6.1,四肢损伤,左上臂骨损伤,左侧肱骨远端骨折,粉碎性骨折
G.57.6.2,四肢损伤,左上臂骨损伤,左侧肱骨远端骨折,左侧肱骨远端其他类型骨折
G.58.1.1,四肢损伤,左上肢毁损,左侧手指缺失或截断,左侧单个手指离断
G.58.1.2,四肢损伤,左上肢毁损,左侧手指缺失或截断,左侧环指近节缺失
G.58.1.3,四肢损伤,左上肢毁损,左侧手指缺失或截断,左侧环指远节缺失
G.58.1.4,四肢损伤,左上肢毁损,左侧手指缺失或截断,左侧环指中节缺失
G.58.1.5,四肢损伤,左上肢毁损,左侧手指缺失或截断,左侧两个或更多手指截断
G.58.1.6,四肢损伤,左上肢毁损,左侧手指缺失或截断,左侧拇指创伤性截断
G.58.1.7,四肢损伤,左上肢毁损,左侧手指缺失或截断,左侧拇指截断伴其他手指
G.58.1.8,四肢损伤,左上肢毁损,左侧手指缺失或截断,左侧拇指近节缺损
G.58.1.9,四肢损伤,左上肢毁损,左侧手指缺失或截断,左侧拇指远节缺损
G.58.1.10,四肢损伤,左上肢毁损,左侧手指缺失或截断,左侧示指近节缺失
G.58.1.11,四肢损伤,左上肢毁损,左侧手指缺失或截断,左侧示指远节缺失
G.58.1.12,四肢损伤,左上肢毁损,左侧手指缺失或截断,左侧示指中节缺失
G.58.1.13,四肢损伤,左上肢毁损,左侧手指缺失或截断,左侧手指(的一部分)伴有腕和手其他部位的合并创伤性切断
G.58.1.14,四肢损伤,左上肢毁损,左侧手指缺失或截断,左侧小指近节缺失
G.58.1.15,四肢损伤,左上肢毁损,左侧手指缺失或截断,左侧小指远节缺失
G.58.1.16,四肢损伤,左上肢毁损,左侧手指缺失或截断,左侧小指中节缺失
G.58.1.17,四肢损伤,左上肢毁损,左侧手指缺失或截断,左侧中指近节缺失
G.58.1.18,四肢损伤,左上肢毁损,左侧手指缺失或截断,左侧中指远节缺失
G.58.1.19,四肢损伤,左上肢毁损,左侧手指缺失或截断,左侧中指中节缺失
G.58.2.0,四肢损伤,左上肢毁损,左侧腕关节以上缺失,
G.58.3.0,四肢损伤,左上肢毁损,左侧腕掌关节以上缺失,
G.58.4.0,四肢损伤,左上肢毁损,左侧掌指关节以上缺失,
G.58.5.0,四肢损伤,左上肢毁损,左侧肘关节以上缺失,
G.59.1.1,四肢损伤,左手部骨损伤,左侧掌骨骨折,左侧第二掌骨骨折
G.59.1.2,四肢损伤,左手部骨损伤,左侧掌骨骨折,左侧第三掌骨骨折
G.59.1.3,四肢损伤,左手部骨损伤,左侧掌骨骨折,左侧第四掌骨骨折
G.59.1.4,四肢损伤,左手部骨损伤,左侧掌骨骨折,左侧第五掌骨骨折
G.59.1.5,四肢损伤,左手部骨损伤,左侧掌骨骨折,左侧第一掌骨骨折
G.59.1.6,四肢损伤,左手部骨损伤,左侧掌骨骨折,左侧多发掌骨骨折
G.59.2.1,四肢损伤,左手部骨损伤,左侧指骨骨折,左侧环指近节指骨骨折
G.59.2.2,四肢损伤,左手部骨损伤,左侧指骨骨折,左侧环指远节指骨骨折
G.59.2.3,四肢损伤,左手部骨损伤,左侧指骨骨折,左侧环指中节指骨骨折
G.59.2.4,四肢损伤,左手部骨损伤,左侧指骨骨折,左侧拇指骨折
G.59.2.5,四肢损伤,左手部骨损伤,左侧指骨骨折,左侧拇指近节指骨骨折
G.59.2.6,四肢损伤,左手部骨损伤,左侧指骨骨折,左侧拇指远节指骨骨折
G.59.2.7,四肢损伤,左手部骨损伤,左侧指骨骨折,左侧示指近节指骨骨折
G.59.2.8,四肢损伤,左手部骨损伤,左侧指骨骨折,左侧示指远节指骨骨折
G.59.2.9,四肢损伤,左手部骨损伤,左侧指骨骨折,左侧示指中节指骨骨折
G.59.2.10,四肢损伤,左手部骨损伤,左侧指骨骨折,左侧小指近节指骨骨折
G.59.2.11,四肢损伤,左手部骨损伤,左侧指骨骨折,左侧小指远节指骨骨折
G.59.2.12,四肢损伤,左手部骨损伤,左侧指骨骨折,左侧小指中节指骨骨折
G.59.2.13,四肢损伤,左手部骨损伤,左侧指骨骨折,左侧中指近节指骨骨折
G.59.2.14,四肢损伤,左手部骨损伤,左侧指骨骨折,左侧中指远节指骨骨折
G.59.2.15,四肢损伤,左手部骨损伤,左侧指骨骨折,左侧中指中节指骨骨折
G.60.1.0,四肢损伤,左手部关节损伤,左侧拇指扭伤,
G.60.2.0,四肢损伤,左手部关节损伤,左侧拇指脱位,
G.60.3.0,四肢损伤,左手部关节损伤,左侧手指多处脱位,
G.60.4.0,四肢损伤,左手部关节损伤,左侧掌指(关节)脱位,
G.60.5.0,四肢损伤,左手部关节损伤,左侧掌指关节扭伤,
G.60.6.0,四肢损伤,左手部关节损伤,左侧指关节脱位,
G.61.1.1,四肢损伤,左腕部骨损伤,左侧腕骨骨折,左侧豆状骨骨折
G.61.1.2,四肢损伤,左腕部骨损伤,左侧腕骨骨折,左侧钩状骨骨折
G.61.1.3,四肢损伤,左腕部骨损伤,左侧腕骨骨折,左侧三角骨[腕楔形骨]骨折
G.61.1.4,四肢损伤,左腕部骨损伤,左侧腕骨骨折,左侧头状骨骨折
G.61.1.5,四肢损伤,左腕部骨损伤,左侧腕骨骨折,左侧腕骨开放性骨折
G.61.1.6,四肢损伤,左腕部骨损伤,左侧腕骨骨折,左侧腕舟状骨骨折
G.61.1.7,四肢损伤,左腕部骨损伤,左侧腕骨骨折,左侧月状骨[半月骨]骨折
G.62.1.0,四肢损伤,左腕关节损伤,左侧桡腕关节脱位,
G.62.2.0,四肢损伤,左腕关节损伤,左侧腕骨脱位,
G.62.3.0,四肢损伤,左腕关节损伤,左侧腕关节扭伤和劳损,
G.62.4.0,四肢损伤,左腕关节损伤,左侧腕掌(关节)脱位,
G.63.1.1,四肢损伤,左膝部骨损伤,左侧半月板损伤,左侧内侧半月板损伤
G.63.1.2,四肢损伤,左膝部骨损伤,左侧半月板损伤,左侧外侧半月板损伤
G.63.2.1,四肢损伤,左膝部骨损伤,左侧髌骨骨折,左侧髌骨粉碎性骨折
G.63.2.2,四肢损伤,左膝部骨损伤,左侧髌骨骨折,左侧髌骨骨裂
G.63.2.3,四肢损伤,左膝部骨损伤,左侧髌骨骨折,左侧髌骨其他类型骨折
G.63.2.4,四肢损伤,左膝部骨损伤,左侧髌骨骨折,左侧髌骨撕脱性骨折
G.64.1.0,四肢损伤,左膝部关节损伤,左侧髌骨脱位,
G.64.2.0,四肢损伤,左膝部关节损伤,左侧关节积液,
G.64.3.0,四肢损伤,左膝部关节损伤,左侧膝关节扭伤,
G.64.4.0,四肢损伤,左膝部关节损伤,左侧膝关节脱位,
G.65.1.0,四肢损伤,左膝部软组织损伤,左侧膝部开放性伤口,
G.66.1.0,四肢损伤,左膝部神经损伤,左侧腓神经损伤,
G.66.2.0,四肢损伤,左膝部神经损伤,左侧腓总神经损害,
G.66.3.0,四肢损伤,左膝部神经损伤,左侧_内侧神经损害,
G.66.4.0,四肢损伤,左膝部神经损伤,左侧胫后神经损伤,
G.66.5.0,四肢损伤,左膝部神经损伤,左侧胫神经损伤,
G.67.1.0,四肢损伤,左膝部血管损伤,左侧小腿（含膝部）血管损伤,
G.68.1.0,四肢损伤,左下肢毁损,左侧踝关节以上缺失（外伤性）,
G.68.2.1,四肢损伤,左下肢毁损,左侧脚趾截断或缺失,左侧多趾非全部趾截断（不含拇趾）
G.68.2.2,四肢损伤,左下肢毁损,左侧脚趾截断或缺失,左侧跗跖关节以上缺失（外伤性）
G.68.2.3,四肢损伤,左下肢毁损,左侧脚趾截断或缺失,左侧拇趾近节创伤性切断
G.68.2.4,四肢损伤,左下肢毁损,左侧脚趾截断或缺失,左侧拇趾远节创伤性切断
G.68.2.5,四肢损伤,左下肢毁损,左侧脚趾截断或缺失,左侧全部趾截断（不含拇趾）
G.68.2.6,四肢损伤,左下肢毁损,左侧脚趾截断或缺失,左侧一个足趾创伤性切断（不含拇趾）
G.68.3.0,四肢损伤,左下肢毁损,左侧膝关节以上缺失（外伤性）,
G.69.1.1,四肢损伤,左小腿骨损伤,左侧腓骨骨折,左侧腓骨干粉碎性骨折
G.69.1.2,四肢损伤,左小腿骨损伤,左侧腓骨骨折,左侧腓骨干其他类型骨折
G.69.1.3,四肢损伤,左小腿骨损伤,左侧腓骨骨折,左侧腓骨骨裂
G.69.1.4,四肢损伤,左小腿骨损伤,左侧腓骨骨折,左侧腓骨下段骨折
G.69.2.1,四肢损伤,左小腿骨损伤,左侧腓骨颈骨折,左侧腓骨颈粉碎性骨折
G.69.2.2,四肢损伤,左小腿骨损伤,左侧腓骨颈骨折,左侧腓骨颈其他类型骨折
G.69.3.0,四肢损伤,左小腿骨损伤,左侧腓骨头骨折,
G.69.4.1,四肢损伤,左小腿骨损伤,左侧胫腓骨骨折,左侧胫腓骨粉碎性骨折
G.69.4.2,四肢损伤,左小腿骨损伤,左侧胫腓骨骨折,左侧胫腓骨其他类型骨折
G.69.5.1,四肢损伤,左小腿骨损伤,左侧胫骨骨折,左侧胫骨干粉碎性骨折
G.69.5.2,四肢损伤,左小腿骨损伤,左侧胫骨骨折,左侧胫骨干其他类型骨折
G.69.5.3,四肢损伤,左小腿骨损伤,左侧胫骨骨折,左侧胫骨骨裂
G.69.5.4,四肢损伤,左小腿骨损伤,左侧胫骨骨折,左侧胫骨上段粉碎性骨折
G.69.5.5,四肢损伤,左小腿骨损伤,左侧胫骨骨折,左侧胫骨上段其他类型骨折
G.69.5.6,四肢损伤,左小腿骨损伤,左侧胫骨骨折,左侧胫骨下段骨折
G.69.5.7,四肢损伤,左小腿骨损伤,左侧胫骨骨折,左侧胫骨远端pilon骨折
G.69.6.0,四肢损伤,左小腿骨损伤,左侧胫骨结节骨折,
G.69.7.0,四肢损伤,左小腿骨损伤,左侧胫骨髁骨折,
G.69.8.0,四肢损伤,左小腿骨损伤,左侧胫骨髁间棘骨折,
G.69.9.1,四肢损伤,左小腿骨损伤,左侧胫骨平台骨折,左侧胫骨平台粉碎性骨折
G.69.9.2,四肢损伤,左小腿骨损伤,左侧胫骨平台骨折,左侧胫骨平台其他类型骨折
G.69.9.3,四肢损伤,左小腿骨损伤,左侧胫骨平台骨折,左侧胫骨平台撕脱性骨折
G.69.9.4,四肢损伤,左小腿骨损伤,左侧胫骨平台骨折,左侧胫骨平台塌陷性骨折
G.69.10.0,四肢损伤,左小腿骨损伤,左侧胫骨头骨折,
G.70.1.0,四肢损伤,左小腿韧带损伤,左侧胫腓韧带撕裂,
G.71.1.0,四肢损伤,左小腿软组织损伤,左侧跟腱断裂,
G.72.1.0,四肢损伤,左肘部关节损伤,左侧肘关节扭伤,
G.72.2.0,四肢损伤,左肘部关节损伤,左侧肘关节脱位,
G.73.1.1,四肢损伤,左足部骨损伤,左侧跗骨骨折,不含距骨、跟骨的部位骨折
G.73.2.1,四肢损伤,左足部骨损伤,左侧跟骨骨折,粉碎性骨折
G.73.2.2,四肢损伤,左足部骨损伤,左侧跟骨骨折,左侧跟骨其他类型骨折
G.73.3.1,四肢损伤,左足部骨损伤,左侧距骨骨折,粉碎性骨折
G.73.3.2,四肢损伤,左足部骨损伤,左侧距骨骨折,左侧距骨其他类型骨折
G.73.4.0,四肢损伤,左足部骨损伤,左侧距骨脱位,
G.73.5.0,四肢损伤,左足部骨损伤,左侧骰骨骨折,
G.73.6.1,四肢损伤,左足部骨损伤,左侧楔骨骨折,左侧楔骨单发性骨折
G.73.6.2,四肢损伤,左足部骨损伤,左侧楔骨骨折,左侧楔骨多发骨折
G.73.7.1,四肢损伤,左足部骨损伤,左侧跖骨骨折,左侧第二跖骨骨折
G.73.7.2,四肢损伤,左足部骨损伤,左侧跖骨骨折,左侧第三跖骨骨折
G.73.7.3,四肢损伤,左足部骨损伤,左侧跖骨骨折,左侧第四跖骨骨折
G.73.7.4,四肢损伤,左足部骨损伤,左侧跖骨骨折,左侧第五跖骨骨折
G.73.7.5,四肢损伤,左足部骨损伤,左侧跖骨骨折,左侧第一跖骨骨折
G.73.8.0,四肢损伤,左足部骨损伤,左侧跖骨脱位,
G.73.9.1,四肢损伤,左足部骨损伤,左侧趾骨骨折,左侧拇趾骨折
G.73.9.2,四肢损伤,左足部骨损伤,左侧趾骨骨折,左侧拇趾近节骨折
G.73.9.3,四肢损伤,左足部骨损伤,左侧趾骨骨折,左侧拇趾远节骨折
G.73.9.4,四肢损伤,左足部骨损伤,左侧趾骨骨折,左侧趾骨骨折（不含第一趾）
G.73.10.0,四肢损伤,左足部骨损伤,左侧足部多发骨折,
G.73.11.1,四肢损伤,左足部骨损伤,左侧足舟骨骨折,左侧足舟骨开放性骨折
G.73.11.2,四肢损伤,左足部骨损伤,左侧足舟骨骨折,左侧足舟骨其他类型骨折
G.73.11.3,四肢损伤,左足部骨损伤,左侧足舟骨骨折,左侧足舟骨撕脱性骨折
G.74.1.0,四肢损伤,左足部软组织损伤,左侧趾开放性伤口,
G.74.2.0,四肢损伤,左足部软组织损伤,左侧足碾压伤,
G.74.3.0,四肢损伤,左足部软组织损伤,左侧足趾挤压伤,
G.75.1.1,四肢损伤,左足部神经损伤,左侧足部神经损伤,其他类型损伤
G.75.1.2,四肢损伤,左足部神经损伤,左侧足部神经损伤,左侧足底神经损伤
G.76.1.0,四肢损伤,左足部血管损伤,左侧足背动脉损伤,
G.76.2.0,四肢损伤,左足部血管损伤,左侧足背静脉损伤,
G.76.3.0,四肢损伤,左足部血管损伤,左侧足底动脉损伤,
H.1.1.0,内科疾病,传染性疾病,HIV,
H.1.2.0,内科疾病,传染性疾病,关节结核,
H.1.3.0,内科疾病,传染性疾病,颈椎结核,
H.1.4.0,内科疾病,传染性疾病,梅毒,
H.1.5.0,内科疾病,传染性疾病,胸椎结核,
H.1.6.0,内科疾病,传染性疾病,腰椎结核,
H.2.1.0,内科疾病,风湿性疾病,风湿热,
H.2.2.0,内科疾病,风湿性疾病,骨关节炎,
H.2.3.0,内科疾病,风湿性疾病,骨质疏松症,
H.2.4.1,内科疾病,风湿性疾病,脊柱关节炎,其他强直性脊柱炎
H.2.4.2,内科疾病,风湿性疾病,脊柱关节炎,强直性脊柱炎
H.2.5.0,内科疾病,风湿性疾病,类风湿关节炎,
H.2.6.0,内科疾病,风湿性疾病,痛风,
H.2.7.0,内科疾病,风湿性疾病,系统性红斑狼疮,
H.3.1.0,内科疾病,呼吸系统疾病,成人呼吸窘迫综合征,
H.3.2.1,内科疾病,呼吸系统疾病,肺部感染性疾病,肺脓肿
H.3.2.2,内科疾病,呼吸系统疾病,肺部感染性疾病,其他病原体所致肺部感染
H.3.2.3,内科疾病,呼吸系统疾病,肺部感染性疾病,细菌性肺炎
H.3.3.1,内科疾病,呼吸系统疾病,肺动脉高压与肺源性心脏病,慢性肺源性心脏病
H.3.3.2,内科疾病,呼吸系统疾病,肺动脉高压与肺源性心脏病,特发性肺动脉高压
H.3.4.0,内科疾病,呼吸系统疾病,肺结核,
H.3.5.0,内科疾病,呼吸系统疾病,肺血栓栓塞症,
H.3.6.0,内科疾病,呼吸系统疾病,呼吸窘迫综合症,
H.3.7.1,内科疾病,呼吸系统疾病,呼吸衰竭,急性呼吸衰竭
H.3.7.2,内科疾病,呼吸系统疾病,呼吸衰竭,慢性呼吸衰竭
H.3.8.0,内科疾病,呼吸系统疾病,急性上呼吸道感染,
H.3.9.1,内科疾病,呼吸系统疾病,间质性肺疾病,结节病
H.3.9.2,内科疾病,呼吸系统疾病,间质性肺疾病,其他间质性肺疾病
H.3.9.3,内科疾病,呼吸系统疾病,间质性肺疾病,特发性肺纤维化
H.3.10.0,内科疾病,呼吸系统疾病,慢性支气管炎,
H.3.11.0,内科疾病,呼吸系统疾病,慢性阻塞性肺疾病,
H.3.12.0,内科疾病,呼吸系统疾病,气管支气管炎,
H.3.13.0,内科疾病,呼吸系统疾病,睡眠呼吸暂停低通气综合症,
H.3.14.0,内科疾病,呼吸系统疾病,原发性支气管肺癌,
H.3.15.0,内科疾病,呼吸系统疾病,支气管扩张症,
H.3.16.0,内科疾病,呼吸系统疾病,支气管哮喘,
H.4.1.0,内科疾病,泌尿系统疾病,急性肾损伤,
H.4.2.1,内科疾病,泌尿系统疾病,继发性肾病,继发性肾病
H.4.2.2,内科疾病,泌尿系统疾病,继发性肾病,糖尿病肾病
H.4.3.1,内科疾病,泌尿系统疾病,间质性肾炎,急性间质性肾炎
H.4.3.2,内科疾病,泌尿系统疾病,间质性肾炎,慢性间质性肾炎
H.4.4.0,内科疾病,泌尿系统疾病,慢性肾衰竭,
H.4.5.0,内科疾病,泌尿系统疾病,尿路感染,
H.4.6.0,内科疾病,泌尿系统疾病,肾病综合症,
H.4.7.1,内科疾病,泌尿系统疾病,肾小管疾病,Fanconi综合症
H.4.7.2,内科疾病,泌尿系统疾病,肾小管疾病,肾小管性酸中毒
H.4.8.1,内科疾病,泌尿系统疾病,肾小球肾炎,急进性肾小球肾炎
H.4.8.2,内科疾病,泌尿系统疾病,肾小球肾炎,急性肾小球肾炎
H.4.8.3,内科疾病,泌尿系统疾病,肾小球肾炎,慢性肾小球肾炎
H.4.8.4,内科疾病,泌尿系统疾病,肾小球肾炎,无症状性血尿（和）蛋白尿
H.5.1.0,内科疾病,脑损伤,脑血栓形成,
H.6.1.0,内科疾病,内分泌系统和营养代谢性疾病,低血糖症,
H.6.2.0,内科疾病,内分泌系统和营养代谢性疾病,分化型甲状腺瘤,
H.6.3.0,内科疾病,内分泌系统和营养代谢性疾病,高尿酸血症,
H.6.4.0,内科疾病,内分泌系统和营养代谢性疾病,甲状旁腺功能减退症,
H.6.5.0,内科疾病,内分泌系统和营养代谢性疾病,甲状腺功能减退,
H.6.6.0,内科疾病,内分泌系统和营养代谢性疾病,甲状腺功能亢进,
H.6.7.0,内科疾病,内分泌系统和营养代谢性疾病,甲状腺结节,
H.6.8.0,内科疾病,内分泌系统和营养代谢性疾病,甲状腺炎,
H.6.9.0,内科疾病,内分泌系统和营养代谢性疾病,甲状腺肿大,
H.6.10.0,内科疾病,内分泌系统和营养代谢性疾病,抗利尿激素分泌失调综合症,
H.6.11.0,内科疾病,内分泌系统和营养代谢性疾病,库欣综合症,
H.6.12.0,内科疾病,内分泌系统和营养代谢性疾病,尿崩症,
H.6.13.0,内科疾病,内分泌系统和营养代谢性疾病,嗜铬细胞癌,
H.6.14.0,内科疾病,内分泌系统和营养代谢性疾病,糖尿病,
H.6.15.1,内科疾病,内分泌系统和营养代谢性疾病,糖尿病并发症,糖尿病并眼部病变
H.6.15.2,内科疾病,内分泌系统和营养代谢性疾病,糖尿病并发症,糖尿病性肾病
H.6.15.3,内科疾病,内分泌系统和营养代谢性疾病,糖尿病并发症,糖尿病性周围神经病
H.6.15.4,内科疾病,内分泌系统和营养代谢性疾病,糖尿病并发症,糖尿病性足病
H.6.16.0,内科疾病,内分泌系统和营养代谢性疾病,腺垂体功能减退症,
H.6.17.0,内科疾病,内分泌系统和营养代谢性疾病,原发性甲状旁腺功能亢进症,
H.6.18.0,内科疾病,内分泌系统和营养代谢性疾病,原发性慢性肾上腺皮质功能减退症,
H.6.19.0,内科疾病,内分泌系统和营养代谢性疾病,原发性醛固酮增多症,
H.7.1.0,内科疾病,生殖系统疾病,子宫肌瘤,
H.8.1.0,内科疾病,消化系统疾病,肠结核,
H.8.2.0,内科疾病,消化系统疾病,肝性脑病,
H.8.3.0,内科疾病,消化系统疾病,肝硬化,
H.8.4.0,内科疾病,消化系统疾病,感染性腹泻,
H.8.5.1,内科疾病,消化系统疾病,功能性胃肠病,肠易激综合症
H.8.5.2,内科疾病,消化系统疾病,功能性胃肠病,功能性消化不良
H.8.6.0,内科疾病,消化系统疾病,急性胃炎,
H.8.7.0,内科疾病,消化系统疾病,结核性腹膜炎,
H.8.8.0,内科疾病,消化系统疾病,结直肠癌,
H.8.9.0,内科疾病,消化系统疾病,食管癌,
H.8.10.0,内科疾病,消化系统疾病,胃癌,
H.8.11.0,内科疾病,消化系统疾病,胃食管反流病,
H.8.12.0,内科疾病,消化系统疾病,消化道出血,
H.8.13.0,内科疾病,消化系统疾病,消化性溃疡,
H.8.14.1,内科疾病,消化系统疾病,炎症性肠病,克罗恩病
H.8.14.2,内科疾病,消化系统疾病,炎症性肠病,溃疡性结肠炎
H.8.15.0,内科疾病,消化系统疾病,药物性肝病,
H.8.16.0,内科疾病,消化系统疾病,胰腺癌,
H.8.17.1,内科疾病,消化系统疾病,胰腺炎,急性胰腺炎
H.8.17.2,内科疾病,消化系统疾病,胰腺炎,慢性胰腺炎
H.8.18.0,内科疾病,消化系统疾病,原发性肝癌,
H.8.19.0,内科疾病,消化系统疾病,脂肪性肝病,
H.8.20.1,内科疾病,消化系统疾病,自身免疫性肝病,原发性胆汁性肝硬化
H.8.20.2,内科疾病,消化系统疾病,自身免疫性肝病,自身免疫性肝炎
H.9.1.1,内科疾病,血液系统疾病,白血病,急性白血病
H.9.1.2,内科疾病,血液系统疾病,白血病,慢性淋巴细胞白血病
H.9.1.3,内科疾病,血液系统疾病,白血病,慢性髓系白血病
H.9.2.1,内科疾病,血液系统疾病,骨髓增生性疾病,原发性骨髓纤维化
H.9.2.2,内科疾病,血液系统疾病,骨髓增生性疾病,原发性血小板增多症
H.9.2.3,内科疾病,血液系统疾病,骨髓增生性疾病,真性红细胞增多病
H.9.3.1,内科疾病,血液系统疾病,淋巴瘤,非霍奇金淋巴瘤
H.9.3.2,内科疾病,血液系统疾病,淋巴瘤,霍奇金淋巴瘤
H.9.4.0,内科疾病,血液系统疾病,弥散性血管内凝血,
H.9.5.0,内科疾病,血液系统疾病,凝血障碍,
H.9.6.0,内科疾病,血液系统疾病,脾功能亢进,
H.9.7.0,内科疾病,血液系统疾病,贫血,
H.9.8.0,内科疾病,血液系统疾病,血栓性疾病,
H.9.9.0,内科疾病,血液系统疾病,紫癜,
H.10.1.0,内科疾病,循环系统疾病,闭塞性周围动脉粥样硬化,
H.10.2.0,内科疾病,循环系统疾病,动脉粥样硬化,
H.10.3.0,内科疾病,循环系统疾病,动脉粥样硬化性心脏病,
H.10.4.1,内科疾病,循环系统疾病,感染性心内膜炎,静脉药瘾者心内膜炎
H.10.4.2,内科疾病,循环系统疾病,感染性心内膜炎,人工瓣膜
H.10.4.3,内科疾病,循环系统疾病,感染性心内膜炎,自体瓣膜心内膜炎
H.10.5.0,内科疾病,循环系统疾病,高血压,
H.10.6.0,内科疾病,循环系统疾病,静脉血栓,
H.10.7.0,内科疾病,循环系统疾病,脑梗塞,
H.10.8.0,内科疾病,循环系统疾病,腔隙性脑梗塞,
H.10.9.1,内科疾病,循环系统疾病,心包疾病,急性心包炎
H.10.9.2,内科疾病,循环系统疾病,心包疾病,缩窄性心包炎
H.10.9.3,内科疾病,循环系统疾病,心包疾病,心包积液及心脏压塞
H.10.10.0,内科疾病,循环系统疾病,心肌疾病,
H.10.11.1,内科疾病,循环系统疾病,心力衰竭,急性心力衰竭
H.10.11.2,内科疾病,循环系统疾病,心力衰竭,慢性心力衰竭
H.10.12.1,内科疾病,循环系统疾病,心律失常,窦性心律失常
H.10.12.2,内科疾病,循环系统疾病,心律失常,房室交界区心律失常
H.10.12.3,内科疾病,循环系统疾病,心律失常,房性心律失常
H.10.12.4,内科疾病,循环系统疾病,心律失常,室性心律失常
H.10.12.5,内科疾病,循环系统疾病,心律失常,心脏传导阻滞
H.10.13.0,内科疾病,循环系统疾病,心血管神经症,
H.10.14.1,内科疾病,循环系统疾病,心脏瓣膜病,多瓣膜病
H.10.14.2,内科疾病,循环系统疾病,心脏瓣膜病,二尖瓣关闭不全
H.10.14.3,内科疾病,循环系统疾病,心脏瓣膜病,二尖瓣狭窄
H.10.14.4,内科疾病,循环系统疾病,心脏瓣膜病,主动脉瓣关闭不全
H.10.15.0,内科疾病,循环系统疾病,心脏性猝死,
H.10.16.0,内科疾病,循环系统疾病,心脏骤停,
H.10.17.0,内科疾病,循环系统疾病,主动脉夹层,
H.11.1.0,内科疾病,怀孕,怀孕,
I.1.1.1,其他损伤,皮肤损伤,烧烫伤,面积12%以上（重度/深Ⅱ°，或特重度/Ⅲ°）
I.1.1.2,其他损伤,皮肤损伤,烧烫伤,面积20%以上（重度/深Ⅱ°，或特重度/Ⅲ°）
I.1.1.3,其他损伤,皮肤损伤,烧烫伤,面积28%以上（重度/深Ⅱ°，或特重度/Ⅲ°）
I.1.1.4,其他损伤,皮肤损伤,烧烫伤,面积36%以上（重度/深Ⅱ°，或特重度/Ⅲ°）
I.1.1.5,其他损伤,皮肤损伤,烧烫伤,面积4%以上（重度/深Ⅱ°，或特重度/Ⅲ°）
I.1.1.6,其他损伤,皮肤损伤,烧烫伤,面积4%以下（重度/深Ⅱ°，或特重度/Ⅲ°）
I.1.1.7,其他损伤,皮肤损伤,烧烫伤,面积44%以上（重度/深Ⅱ°，或特重度/Ⅲ°）
I.1.1.8,其他损伤,皮肤损伤,烧烫伤,面积52%以上（重度/深Ⅱ°，或特重度/Ⅲ°）
I.1.1.9,其他损伤,皮肤损伤,烧烫伤,面积60%以上（重度/深Ⅱ°，或特重度/Ⅲ°）
I.1.1.10,其他损伤,皮肤损伤,烧烫伤,面积68%以上（重度/深Ⅱ°，或特重度/Ⅲ°）
I.1.1.11,其他损伤,皮肤损伤,烧烫伤,面积76%以上（重度/深Ⅱ°，或特重度/Ⅲ°）
I.1.1.12,其他损伤,皮肤损伤,烧烫伤,轻度/Ⅰ°
I.1.1.13,其他损伤,皮肤损伤,烧烫伤,中度/浅Ⅱ°
I.2.1.0,其他损伤,其他损伤,损伤致挤压综合征,
I.3.1.1,其他损伤,软组织损伤,软组织挫裂伤（不含面部）,裂创累计长度大于15cm
I.3.1.2,其他损伤,软组织损伤,软组织挫裂伤（不含面部）,裂创累计长度小于15cm
I.3.2.0,其他损伤,软组织损伤,软组织撕脱伤（不含面部）,
I.3.3.1,其他损伤,软组织损伤,软组织损挫伤（不含面部）,挫伤面积<6%
I.3.3.2,其他损伤,软组织损伤,软组织损挫伤（不含面部）,挫伤面积_6%
I.4.1.0,其他损伤,血管,脂肪栓塞,